stamp,oracle,com_dt_0,com_age_0,com_dt_2,com_age_2,com_dt_3,com_age_3,uwb_dt,uwb_age,camera_dt,camera_age,ins_dt,ins_age,gt_dt,gt_age,mission_stage,camera_msg_fresh,camera_raw_count,camera_valid_target,camera_angle_constraints,camera_xy_constraints,camera_used_in_cost,camera_target_mask,P_opt_x,P_opt_y,P_opt_z
14.637333333,0,-0.021333333,0.021333333,-0.021333333,0.021333333,0.042666667,0.042666667,-0.007333333,0.007333333,-0.257333333,0.257333333,-0.003333333,0.003333333,0.008666667,0.008666667,1,1,0,0,0,0,0,0,0.018721325,-0.055775143,0.348388219
14.647111111,0,-0.057777778,0.057777778,0.068888889,0.068888889,-0.011111111,0.011111111,-0.017111111,0.017111111,-0.067111111,0.067111111,0.008888889,0.008888889,-0.001111111,0.001111111,1,1,0,0,0,0,0,0,-0.026634386,-0.066184252,0.372904114
14.653037037,0,0.037629630,0.037629630,-0.032148148,0.032148148,-0.005481482,0.005481482,0.016962963,0.016962963,0.026962963,0.026962963,0.002962963,0.002962963,-0.001037037,0.001037037,1,1,0,0,0,0,0,0,-0.042412313,-0.119120079,0.374475876
14.851925926,0,0.064074074,0.064074074,-0.190148148,0.190148148,0.126074074,0.126074074,0.018074074,0.018074074,-0.071925926,0.071925926,0.002074074,0.002074074,-0.003925926,0.003925926,1,1,0,0,0,0,0,0,0.006228566,-0.080385279,0.511807430
14.940864198,0,0.075135802,0.075135802,0.015135802,0.015135802,-0.090271605,0.090271605,0.009135802,0.009135802,-0.160864198,0.160864198,-0.006864198,0.006864198,-0.008864198,0.008864198,1,1,0,0,0,0,0,0,0.004492507,-0.066702660,0.565221664
14.938938272,0,0.030395061,0.030395061,-0.032765432,0.032765432,0.002370370,0.002370370,0.011061728,0.011061728,0.041061728,0.041061728,-0.004938272,0.004938272,-0.006938272,0.006938272,1,1,0,0,0,0,0,0,-0.011983845,-0.028669797,0.565350435
15.148167353,0,0.067832647,0.067832647,-0.197665295,0.197665295,0.129832647,0.129832647,0.001832647,0.001832647,-0.168167353,0.168167353,0.007832647,0.007832647,-0.012167353,0.012167353,1,1,0,0,0,0,0,0,0.079052942,-0.055807147,0.725377761
15.240722451,0,0.077277549,0.077277549,0.015944216,0.015944216,-0.093221765,0.093221765,-0.010722451,0.010722451,-0.160722451,0.160722451,-0.006722451,0.006722451,0.011277549,0.011277549,1,1,0,0,0,0,0,0,0.026131634,-0.051335013,0.779118587
15.238574303,0,0.031647919,0.031647919,-0.034018290,0.034018290,0.002370370,0.002370370,-0.008574303,0.008574303,0.041425697,0.041425697,-0.004574303,0.004574303,0.013425697,0.013425697,1,1,0,0,0,0,0,0,0.026986069,-0.081503811,0.779647163
15.446209927,0,0.067790073,0.067790073,-0.195580145,0.195580145,0.127790073,0.127790073,-0.016209927,0.016209927,-0.166209927,0.166209927,0.007790073,0.007790073,-0.020209927,0.020209927,1,1,0,0,0,0,0,0,-0.031496868,-0.115260514,0.937522023
15.538736642,0,0.077263358,0.077263358,0.015263358,0.015263358,-0.092526715,0.092526715,0.011263358,0.011263358,-0.058736642,0.058736642,-0.004736642,0.004736642,0.015263358,0.015263358,1,1,0,0,0,0,0,0,-0.002128292,-0.058892808,0.991788694
15.536292198,0,0.031041135,0.031041135,-0.033485580,0.033485580,0.002444444,0.002444444,0.013707802,0.013707802,0.043707802,0.043707802,-0.002292198,0.002292198,0.017707802,0.017707802,1,1,0,0,0,0,0,0,-0.035099022,-0.079554827,0.992009723
15.840474319,0,0.075525681,0.075525681,0.017525681,0.017525681,-0.093051362,0.093051362,-0.010474319,0.010474319,-0.060474319,0.060474319,-0.004474319,0.004474319,-0.008474319,0.008474319,1,1,0,0,0,0,0,0,0.010091009,-0.055655227,1.192009723
15.888824773,0,-0.017491440,0.017491440,-0.009683787,0.009683787,0.027175227,0.027175227,-0.018824773,0.018824773,-0.108824773,0.108824773,0.005175227,0.005175227,0.017175227,0.017175227,1,1,0,0,0,0,0,0,0.019967293,-0.005185133,1.249095058
16.234666667,0,-0.020666667,0.020666667,-0.020666667,0.020666667,0.041333333,0.041333333,-0.004666667,0.004666667,-0.154666667,0.154666667,-0.000666667,0.000666667,0.019333333,0.019333333,1,1,0,0,0,0,0,0,0.001175772,-0.052950231,1.449095058
16.268222222,0,0.047777778,0.047777778,-0.013555555,0.013555555,-0.034222222,0.034222222,0.001777778,0.001777778,-0.088222222,0.088222222,0.005777778,0.005777778,-0.014222222,0.014222222,1,1,0,0,0,0,0,0,-0.033930951,-0.115218692,1.476374362
16.266074074,0,0.002148148,0.002148148,-0.004518518,0.004518518,0.002370371,0.002370371,0.003925926,0.003925926,-0.086074074,0.086074074,0.007925926,0.007925926,-0.012074074,0.012074074,1,1,0,0,0,0,0,0,0.035484928,-0.139829438,1.476440536
16.637333333,0,-0.019333333,0.019333333,-0.021333333,0.021333333,0.040666667,0.040666667,-0.007333333,0.007333333,-0.157333333,0.157333333,-0.001333333,0.001333333,0.006666667,0.006666667,1,1,0,0,0,0,0,0,-0.061161000,-0.054462382,1.676440536
16.628444444,0,-0.037111111,0.037111111,0.028888889,0.028888889,0.008222223,0.008222223,0.001555556,0.001555556,-0.048444444,0.048444444,0.007555556,0.007555556,0.015555556,0.015555556,1,1,0,0,0,0,0,0,-0.083892462,-0.038523036,1.676346071
16.640296296,0,0.030148148,0.030148148,-0.018518518,0.018518518,-0.011629630,0.011629630,-0.010296296,0.010296296,-0.060296296,0.060296296,-0.004296296,0.004296296,0.003703704,0.003703704,1,1,0,0,0,0,0,0,-0.089920537,-0.047440974,1.676139257
17.018444444,0,-0.000444444,0.000444444,-0.063111111,0.063111111,0.063555556,0.063555556,0.011555556,0.011555556,-0.138444444,0.138444444,-0.002444444,0.002444444,-0.008444444,0.008444444,1,1,0,0,0,0,0,0,-0.055489163,-0.029183532,1.876139257
17.014296296,0,-0.045185185,0.045185185,0.043703704,0.043703704,0.001481482,0.001481482,0.015703704,0.015703704,-0.034296296,0.034296296,0.001703704,0.001703704,-0.004296296,0.004296296,1,1,0,0,0,0,0,0,-0.045928666,0.006749872,1.875599953
17.029209876,0,0.042123457,0.042123457,-0.028098765,0.028098765,-0.014024691,0.014024691,0.000790124,0.000790124,-0.049209876,0.049209876,0.006790124,0.006790124,0.016790124,0.016790124,1,1,0,0,0,0,0,0,-0.106474183,0.015001883,1.889747710
17.418000000,0,0.000000000,0.000000000,-0.060000000,0.060000000,0.060000000,0.060000000,0.012000000,0.012000000,-0.038000000,0.038000000,-0.002000000,0.002000000,-0.014000000,0.014000000,1,1,0,0,0,0,0,0,-0.072922539,-0.019187967,2.089747710
17.415333333,0,-0.044000000,0.044000000,0.042000000,0.042000000,0.002000000,0.002000000,0.014666667,0.014666667,-0.035333333,0.035333333,0.000666667,0.000666667,-0.011333333,0.011333333,1,1,0,0,0,0,0,0,-0.126466491,0.005593243,2.088764663
17.429407407,0,0.041037037,0.041037037,-0.027185185,0.027185185,-0.013851852,0.013851852,0.000592593,0.000592593,-0.049407407,0.049407407,0.006592593,0.006592593,0.010592593,0.010592593,1,1,0,0,0,0,0,0,-0.164635900,-0.000402919,2.100493994
17.817555556,0,0.000444444,0.000444444,-0.060888889,0.060888889,0.060444444,0.060444444,0.012444444,0.012444444,-0.137555556,0.137555556,-0.001555556,0.001555556,0.000444444,0.000444444,1,1,0,0,0,0,0,0,-0.050337078,-0.067510658,2.300493994
17.814814815,0,-0.044592593,0.044592593,0.042518518,0.042518518,0.002074074,0.002074074,0.015185185,0.015185185,-0.034814815,0.034814815,0.001185185,0.001185185,0.001185185,0.001185185,1,1,0,0,0,0,0,0,-0.038109033,-0.055244540,2.300218537
17.829012346,0,0.041432098,0.041432098,-0.027456790,0.027456790,-0.013975309,0.013975309,0.000987654,0.000987654,-0.049012346,0.049012346,0.006987654,0.006987654,-0.011012346,0.011012346,1,1,0,0,0,0,0,0,-0.007463662,-0.075020919,2.308008505
18.217777778,0,-0.001777778,0.001777778,-0.060444445,0.060444445,0.062222222,0.062222222,0.012222222,0.012222222,-0.137777778,0.137777778,-0.003777778,0.003777778,0.018222222,0.018222222,1,1,0,0,0,0,0,0,-0.015422807,0.036007822,2.432441602
18.214962963,0,-0.043851852,0.043851852,0.042370370,0.042370370,0.001481481,0.001481481,0.015037037,0.015037037,-0.134962963,0.134962963,-0.000962963,0.000962963,-0.016962963,0.016962963,1,1,0,0,0,0,0,0,-0.047107039,0.054761280,2.434507812
18.229432099,0,0.041679012,0.041679012,-0.027654321,0.027654321,-0.014024692,0.014024692,0.000567901,0.000567901,-0.049432099,0.049432099,0.006567901,0.006567901,0.006567901,0.006567901,1,1,0,0,0,0,0,0,-0.042585923,0.055858869,2.444855226
18.616888889,0,-0.000888889,0.000888889,-0.060222222,0.060222222,0.061111111,0.061111111,0.013111111,0.013111111,-0.236888889,0.236888889,-0.002888889,0.002888889,0.009111111,0.009111111,1,1,0,0,0,0,0,0,-0.046260189,0.061341018,2.551809414
18.614148148,0,-0.044592592,0.044592592,0.042518519,0.042518519,0.002074074,0.002074074,0.015851852,0.015851852,-0.034148148,0.034148148,-0.000148148,0.000148148,0.011851852,0.011851852,1,1,0,0,0,0,0,0,-0.084570399,0.050470431,2.552218379
18.628493827,0,0.041728395,0.041728395,-0.027604938,0.027604938,-0.014123456,0.014123456,0.001506173,0.001506173,-0.048493827,0.048493827,0.005506173,0.005506173,-0.000493827,0.000493827,1,1,0,0,0,0,0,0,-0.042109862,0.076444975,2.555806061
19.016888889,0,0.001111111,0.001111111,-0.060222222,0.060222222,0.059111111,0.059111111,0.013111111,0.013111111,-0.136888889,0.136888889,-0.000888889,0.000888889,0.007111111,0.007111111,1,1,0,0,0,0,0,0,-0.054582734,0.017880048,2.613455106
19.014592593,0,-0.044370371,0.044370371,0.042074074,0.042074074,0.002296296,0.002296296,0.015407407,0.015407407,-0.134592593,0.134592593,0.001407407,0.001407407,0.009407407,0.009407407,1,1,0,0,0,0,0,0,-0.097725719,-0.007183183,2.612716416
19.028493827,0,0.041061729,0.041061729,-0.027160494,0.027160494,-0.013901234,0.013901234,0.001506173,0.001506173,0.051506173,0.051506173,0.007506173,0.007506173,-0.002493827,0.002493827,1,1,0,0,0,0,0,0,-0.068194592,-0.007665585,2.614821252
19.416444444,0,0.001555556,0.001555556,-0.061111111,0.061111111,0.059555556,0.059555556,0.017555556,0.017555556,-0.236444444,0.236444444,-0.000444444,0.000444444,0.001555556,0.001555556,1,1,0,0,0,0,0,0,-0.088499788,-0.005647628,2.660782070
19.413851852,0,-0.044074074,0.044074074,0.042148148,0.042148148,0.001925926,0.001925926,0.020148148,0.020148148,-0.033851852,0.033851852,0.002148148,0.002148148,0.004148148,0.004148148,1,1,0,0,0,0,0,0,-0.105260957,-0.035365311,2.660637724
19.427802469,0,0.040864198,0.040864198,-0.027135802,0.027135802,-0.013728395,0.013728395,0.006197531,0.006197531,-0.047802469,0.047802469,0.006197531,0.006197531,-0.007802469,0.007802469,1,1,0,0,0,0,0,0,-0.131366251,-0.080924088,2.664052205
19.817333333,0,0.000666667,0.000666667,-0.061333333,0.061333333,0.060666667,0.060666667,0.012666667,0.012666667,-0.137333333,0.137333333,-0.001333333,0.001333333,-0.001333333,0.001333333,1,1,0,0,0,0,0,0,-0.103934781,0.045868889,2.669428760
19.814666667,0,-0.044666667,0.044666667,0.042666666,0.042666666,0.002000000,0.002000000,0.015333333,0.015333333,-0.134666667,0.134666667,0.001333333,0.001333333,0.001333333,0.001333333,1,1,0,0,0,0,0,0,-0.075649029,0.041232708,2.673812017
19.828888889,0,0.041555555,0.041555555,-0.027555556,0.027555556,-0.014000000,0.014000000,0.001111111,0.001111111,0.051111111,0.051111111,0.007111111,0.007111111,-0.012888889,0.012888889,1,1,0,0,0,0,0,0,-0.085441937,0.029379883,2.680852221
20.216666667,0,-0.000666667,0.000666667,-0.060666667,0.060666667,0.061333333,0.061333333,0.013333333,0.013333333,-0.236666667,0.236666667,-0.002666667,0.002666667,0.009333333,0.009333333,1,1,0,0,0,0,0,0,-0.088364751,0.090244694,2.702029914
20.213555555,0,-0.044222222,0.044222222,0.042444445,0.042444445,0.001777778,0.001777778,0.016444445,0.016444445,-0.033555555,0.033555555,0.000444445,0.000444445,0.012444445,0.012444445,1,1,0,0,0,0,0,0,-0.073677738,0.073859276,2.703839716
20.227925926,0,0.041407407,0.041407407,-0.027481482,0.027481482,-0.013925926,0.013925926,0.002074074,0.002074074,-0.047925926,0.047925926,0.006074074,0.006074074,0.000074074,0.000074074,2,1,0,0,0,0,0,0,-0.053411894,0.091269301,2.707292016
20.616666667,0,-0.000666667,0.000666667,-0.058666667,0.058666667,0.059333333,0.059333333,0.013333333,0.013333333,-0.136666667,0.136666667,-0.002666667,0.002666667,0.005333333,0.005333333,2,1,0,0,0,0,0,0,-0.096537881,0.029512317,2.721203577
20.614222222,0,-0.042888889,0.042888889,0.041111111,0.041111111,0.001777778,0.001777778,0.015777778,0.015777778,-0.134222222,0.134222222,-0.000222222,0.000222222,0.007777778,0.007777778,2,1,0,0,0,0,0,0,-0.096481651,0.032765308,2.720506805
20.628074074,0,0.040370370,0.040370370,-0.026740741,0.026740741,-0.013629630,0.013629630,0.001925926,0.001925926,0.051925926,0.051925926,0.005925926,0.005925926,-0.004074074,0.004074074,2,1,0,0,0,0,0,0,-0.115150225,0.028033817,2.722271473
21.016444444,0,-0.000444444,0.000444444,-0.061111111,0.061111111,0.061555556,0.061555556,0.013555556,0.013555556,-0.136444444,0.136444444,-0.002444444,0.002444444,0.005555556,0.005555556,2,1,0,0,0,0,0,0,-0.069953176,-0.055006960,2.730448491
21.013185185,0,-0.044740741,0.044740741,0.042814815,0.042814815,0.001925926,0.001925926,0.016814815,0.016814815,-0.033185185,0.033185185,0.000814815,0.000814815,0.008814815,0.008814815,2,1,0,0,0,0,0,0,-0.039516336,-0.077122811,2.728919824
21.027654321,0,0.041679012,0.041679012,-0.027654321,0.027654321,-0.014024692,0.014024692,0.002345679,0.002345679,-0.047654321,0.047654321,0.008345679,0.008345679,-0.003654321,0.003654321,2,1,0,0,0,0,0,0,-0.033555093,-0.121863686,2.727095714
21.417777778,0,0.000222222,0.000222222,-0.060444445,0.060444445,0.060222222,0.060222222,0.012222222,0.012222222,-0.037777778,0.037777778,-0.001777778,0.001777778,0.000222222,0.000222222,2,1,0,0,0,0,0,0,-0.046727315,-0.007027582,2.726417190
21.414518518,0,-0.044074074,0.044074074,0.042148149,0.042148149,0.001925926,0.001925926,0.015481482,0.015481482,-0.034518518,0.034518518,0.001481482,0.001481482,0.001481482,0.001481482,2,1,0,0,0,0,0,0,-0.066200681,-0.043586746,2.726560788
21.428691358,0,0.040864198,0.040864198,-0.027135803,0.027135803,-0.013728395,0.013728395,0.001308642,0.001308642,-0.048691358,0.048691358,0.005308642,0.005308642,-0.010691358,0.010691358,2,1,0,0,0,0,0,0,-0.033596041,-0.077067639,2.725624548
21.817333333,0,-0.001333333,0.001333333,-0.061333333,0.061333333,0.062666667,0.062666667,0.014666667,0.014666667,-0.137333333,0.137333333,-0.003333333,0.003333333,0.016666667,0.016666667,2,1,0,0,0,0,0,0,-0.046739902,-0.005167638,2.723861026
21.813555556,0,-0.044888889,0.044888889,0.043111111,0.043111111,0.001777777,0.001777777,0.018444444,0.018444444,-0.033555556,0.033555556,0.000444444,0.000444444,-0.017555556,0.017555556,2,1,0,0,0,0,0,0,0.002467576,0.012565223,2.724544963
21.828296296,0,0.041925926,0.041925926,-0.027851852,0.027851852,-0.014074074,0.014074074,0.003703704,0.003703704,-0.048296296,0.048296296,0.005703704,0.005703704,0.005703704,0.005703704,2,1,0,0,0,0,0,0,-0.039721263,-0.028963072,2.729352580
22.218666667,0,-0.000666667,0.000666667,-0.060666667,0.060666667,0.061333333,0.061333333,0.011333333,0.011333333,-0.138666667,0.138666667,-0.002666667,0.002666667,0.003333333,0.003333333,2,1,0,0,0,0,0,0,-0.034406599,0.001909589,2.751349306
22.215555555,0,-0.044222222,0.044222222,0.042444445,0.042444445,0.001777778,0.001777778,0.014444445,0.014444445,-0.035555555,0.035555555,0.000444445,0.000444445,0.006444445,0.006444445,2,1,0,0,0,0,0,0,-0.042942422,0.007893431,2.753808389
22.229925926,0,0.041407407,0.041407407,-0.027481482,0.027481482,-0.013925926,0.013925926,0.000074074,0.000074074,-0.049925926,0.049925926,0.004074074,0.004074074,-0.005925926,0.005925926,3,1,0,0,0,0,0,0,-0.038365926,-0.000937313,2.756100829
22.617555556,0,-0.001555556,0.001555556,-0.060888889,0.060888889,0.062444444,0.062444444,0.012444444,0.012444444,-0.137555556,0.137555556,-0.003555556,0.003555556,-0.013555556,0.013555556,3,1,0,0,0,0,0,0,-0.039300248,0.009091705,2.758481518
22.614370370,0,-0.044814814,0.044814814,0.042962963,0.042962963,0.001851852,0.001851852,0.015629630,0.015629630,-0.134370370,0.134370370,-0.000370370,0.000370370,-0.010370370,0.010370370,3,1,0,0,0,0,0,0,0.011351849,0.020328007,2.757126301
22.629012346,0,0.042098765,0.042098765,-0.027901235,0.027901235,-0.014197531,0.014197531,0.000987654,0.000987654,-0.049012346,0.049012346,0.004987654,0.004987654,0.010987654,0.010987654,3,1,0,0,0,0,0,0,-0.006639575,0.024377530,2.756475171
23.018222222,0,-0.000222222,0.000222222,-0.061555555,0.061555555,0.061777778,0.061777778,0.011777778,0.011777778,-0.238222222,0.238222222,-0.002222222,0.002222222,-0.000222222,0.000222222,3,1,0,0,0,0,0,0,-0.054675163,0.000735084,2.762058119
23.014592592,0,-0.044370370,0.044370370,0.042740741,0.042740741,0.001629630,0.001629630,0.015407408,0.015407408,-0.234592592,0.234592592,0.001407408,0.001407408,0.001407408,0.001407408,3,1,0,0,0,0,0,0,-0.048884501,0.031731888,2.762727925
23.029086419,0,0.041358025,0.041358025,-0.027530864,0.027530864,-0.013827160,0.013827160,0.000913581,0.000913581,-0.049086419,0.049086419,0.006913581,0.006913581,-0.011086419,0.011086419,3,1,0,0,0,0,0,0,-0.092764109,0.027234692,2.765546335
23.417111111,0,-0.001111111,0.001111111,-0.059777778,0.059777778,0.060888889,0.060888889,0.012888889,0.012888889,-0.137111111,0.137111111,-0.003111111,0.003111111,-0.005111111,0.005111111,3,1,0,0,0,0,0,0,-0.035914708,-0.052441189,2.777604447
23.414074074,0,-0.043629630,0.043629630,0.041925926,0.041925926,0.001703704,0.001703704,0.015925926,0.015925926,-0.034074074,0.034074074,-0.000074074,0.000074074,-0.002074074,0.002074074,3,1,0,0,0,0,0,0,-0.113955855,-0.071510129,2.777945332
23.428320987,0,0.041012346,0.041012346,-0.027209876,0.027209876,-0.013802469,0.013802469,0.001679013,0.001679013,-0.048320987,0.048320987,0.007679013,0.007679013,-0.016320987,0.016320987,3,1,0,0,0,0,0,0,-0.073878653,-0.129514592,2.777482786
23.817555556,0,0.000444444,0.000444444,-0.060888889,0.060888889,0.060444444,0.060444444,0.012444444,0.012444444,-0.037555556,0.037555556,-0.003555556,0.003555556,-0.015555556,0.015555556,3,1,0,0,0,0,0,0,0.044312211,-0.041982312,2.779205948
23.814148148,0,-0.044592592,0.044592592,0.042518519,0.042518519,0.002074074,0.002074074,0.015851852,0.015851852,-0.034148148,0.034148148,-0.000148148,0.000148148,-0.012148148,0.012148148,3,1,0,0,0,0,0,0,0.040482652,-0.015213801,2.779007009
23.828419753,0,0.041135803,0.041135803,-0.027308642,0.027308642,-0.013827160,0.013827160,0.001580247,0.001580247,-0.048419753,0.048419753,0.005580247,0.005580247,0.009580247,0.009580247,3,1,0,0,0,0,0,0,0.061726651,-0.040095731,2.778767101
24.217555556,0,0.000444444,0.000444444,-0.060888889,0.060888889,0.060444444,0.060444444,0.012444444,0.012444444,-0.037555556,0.037555556,-0.003555556,0.003555556,0.012444444,0.012444444,3,1,0,0,0,0,0,0,0.097715836,-0.120068704,2.793971448
24.214148148,0,-0.044592592,0.044592592,0.042518519,0.042518519,0.002074074,0.002074074,0.015851852,0.015851852,-0.034148148,0.034148148,-0.000148148,0.000148148,0.015851852,0.015851852,3,1,0,0,0,0,0,0,0.049192455,-0.071140849,2.793411439
24.228419753,0,0.041135803,0.041135803,-0.027308642,0.027308642,-0.013827160,0.013827160,0.001580247,0.001580247,-0.048419753,0.048419753,0.005580247,0.005580247,0.001580247,0.001580247,3,1,0,0,0,0,0,0,0.029239056,-0.107137689,2.794035492
24.616222222,0,-0.000222222,0.000222222,-0.061555555,0.061555555,0.061777778,0.061777778,0.013777778,0.013777778,-0.236222222,0.236222222,-0.002222222,0.002222222,-0.010222222,0.010222222,3,1,0,0,0,0,0,0,0.170501667,-0.200945199,2.791883154
24.612592593,0,-0.045703704,0.045703704,0.043407407,0.043407407,0.002296296,0.002296296,0.017407407,0.017407407,-0.132592593,0.132592593,0.001407407,0.001407407,-0.006592593,0.006592593,3,1,0,0,0,0,0,0,0.157219854,-0.156008486,2.791603109
24.627234568,0,0.042098765,0.042098765,-0.027901235,0.027901235,-0.014197531,0.014197531,0.002765432,0.002765432,-0.147234568,0.147234568,0.006765432,0.006765432,0.006765432,0.006765432,3,1,0,0,0,0,0,0,0.159816040,-0.191345788,2.792573013
25.016444444,0,-0.000444444,0.000444444,-0.061111111,0.061111111,0.061555556,0.061555556,0.013555556,0.013555556,-0.136444444,0.136444444,-0.002444444,0.002444444,-0.000444444,0.000444444,3,1,0,0,0,0,0,0,0.244857041,-0.262158401,2.760119098
25.013185185,0,-0.044740741,0.044740741,0.042814815,0.042814815,0.001925926,0.001925926,0.016814815,0.016814815,-0.033185185,0.033185185,0.000814815,0.000814815,0.002814815,0.002814815,3,1,0,0,0,0,0,0,0.204746090,-0.267319544,2.760259435
25.027654321,0,0.041679012,0.041679012,-0.027654321,0.027654321,-0.014024692,0.014024692,0.002345679,0.002345679,-0.047654321,0.047654321,0.006345679,0.006345679,-0.007654321,0.007654321,3,1,0,0,0,0,0,0,0.241850667,-0.241151323,2.759800490
25.418666667,0,-0.000666667,0.000666667,-0.060666667,0.060666667,0.061333333,0.061333333,0.011333333,0.011333333,-0.238666667,0.238666667,-0.002666667,0.002666667,-0.004666667,0.004666667,3,1,0,0,0,0,0,0,0.272190724,-0.380737994,2.775669736
25.415555555,0,-0.044222222,0.044222222,0.042444445,0.042444445,0.001777778,0.001777778,0.014444445,0.014444445,-0.135555555,0.135555555,0.000444445,0.000444445,-0.001555555,0.001555555,3,1,0,0,0,0,0,0,0.259875930,-0.415506747,2.774815073
25.429925926,0,0.041407407,0.041407407,-0.027481482,0.027481482,-0.013925926,0.013925926,0.000074074,0.000074074,0.050074074,0.050074074,0.006074074,0.006074074,-0.015925926,0.015925926,3,1,0,0,0,0,0,0,0.256544610,-0.360709331,2.774579023
25.817777778,0,0.000222222,0.000222222,-0.060444445,0.060444445,0.060222222,0.060222222,0.012222222,0.012222222,-0.137777778,0.137777778,-0.001777778,0.001777778,0.004222222,0.004222222,3,1,0,0,0,0,0,0,0.449048990,-0.590800756,2.786553223
25.814962963,0,-0.044518519,0.044518519,0.042370370,0.042370370,0.002148148,0.002148148,0.015037037,0.015037037,-0.034962963,0.034962963,0.001037037,0.001037037,0.007037037,0.007037037,3,1,0,0,0,0,0,0,0.459701589,-0.657003034,2.786946915
25.829135802,0,0.041308642,0.041308642,-0.027358024,0.027358024,-0.013950617,0.013950617,0.000864198,0.000864198,-0.049135802,0.049135802,0.006864198,0.006864198,-0.005135802,0.005135802,3,1,0,0,0,0,0,0,0.494952089,-0.668190027,2.786918119
26.219111111,0,-0.001111111,0.001111111,-0.061777778,0.061777778,0.062888889,0.062888889,0.014888889,0.014888889,-0.139111111,0.139111111,-0.003111111,0.003111111,0.012888889,0.012888889,3,1,0,0,0,0,0,0,0.592893442,-0.741267286,2.764239323
26.215407407,0,-0.044962963,0.044962963,0.043259260,0.043259260,0.001703704,0.001703704,0.018592593,0.018592593,-0.035407407,0.035407407,0.000592593,0.000592593,0.016592593,0.016592593,3,1,0,0,0,0,0,0,0.609556818,-0.732970073,2.764382941
26.230172839,0,0.042049383,0.042049383,-0.027950617,0.027950617,-0.014098765,0.014098765,0.003827161,0.003827161,0.049827161,0.049827161,0.005827161,0.005827161,0.001827161,0.001827161,3,1,0,0,0,0,0,0,0.595957517,-0.768611052,2.763853009
26.619111111,0,-0.003111111,0.003111111,-0.061777778,0.061777778,0.064888889,0.064888889,0.010888889,0.010888889,-0.139111111,0.139111111,-0.005111111,0.005111111,-0.013111111,0.013111111,3,1,0,0,0,0,0,0,0.699682969,-0.792602697,2.777250711
26.614740741,0,-0.044296297,0.044296297,0.043259259,0.043259259,0.001037037,0.001037037,0.015259259,0.015259259,-0.034740741,0.034740741,-0.000740741,0.000740741,-0.008740741,0.008740741,3,1,0,0,0,0,0,0,0.755765317,-0.762567959,2.776404114
26.629876543,0,0.042123457,0.042123457,-0.028098765,0.028098765,-0.014024691,0.014024691,0.000123457,0.000123457,-0.049876543,0.049876543,0.004123457,0.004123457,0.012123457,0.012123457,3,1,0,0,0,0,0,0,0.753031878,-0.739071031,2.775823465
27.018444444,0,-0.000444444,0.000444444,-0.061111111,0.061111111,0.061555556,0.061555556,0.011555556,0.011555556,-0.038444444,0.038444444,-0.002444444,0.002444444,0.015555556,0.015555556,3,1,0,0,0,0,0,0,0.853364566,-0.894318863,2.796393858
27.015185185,0,-0.044740741,0.044740741,0.042814815,0.042814815,0.001925926,0.001925926,0.014814815,0.014814815,-0.035185185,0.035185185,0.000814815,0.000814815,-0.017185185,0.017185185,3,1,0,0,0,0,0,0,0.869959396,-0.963446119,2.796526036
27.029654321,0,0.041679012,0.041679012,-0.027654321,0.027654321,-0.014024692,0.014024692,0.000345679,0.000345679,-0.049654321,0.049654321,0.006345679,0.006345679,0.004345679,0.004345679,3,1,0,0,0,0,0,0,0.868835152,-0.971589538,2.796328643
27.418000000,0,0.000000000,0.000000000,-0.060000000,0.060000000,0.060000000,0.060000000,0.012000000,0.012000000,-0.138000000,0.138000000,-0.004000000,0.004000000,0.000000000,0.000000000,3,1,0,0,0,0,0,0,0.957687827,-1.028614385,2.804152466
27.414888889,0,-0.043555556,0.043555556,0.041777778,0.041777778,0.001777778,0.001777778,0.015111111,0.015111111,-0.034888889,0.034888889,-0.000888889,0.000888889,0.001111111,0.001111111,3,1,0,0,0,0,0,0,0.963347670,-1.055731293,2.804054370
27.428962963,0,0.040592593,0.040592593,-0.026962963,0.026962963,-0.013629630,0.013629630,0.001037037,0.001037037,-0.048962963,0.048962963,0.005037037,0.005037037,-0.008962963,0.008962963,3,1,0,0,0,0,0,0,0.924587126,-1.029546693,2.802546556
27.818444444,0,-0.000444444,0.000444444,-0.061111111,0.061111111,0.061555556,0.061555556,0.011555556,0.011555556,-0.338444444,0.338444444,-0.002444444,0.002444444,0.015555556,0.015555556,3,1,0,0,0,0,0,0,1.074759117,-1.066965596,2.800393480
27.815185185,0,-0.044740741,0.044740741,0.042814815,0.042814815,0.001925926,0.001925926,0.014814815,0.014814815,-0.135185185,0.135185185,0.000814815,0.000814815,0.018814815,0.018814815,3,1,0,0,0,0,0,0,1.074320447,-1.082494499,2.800378797
27.829654321,0,0.041679012,0.041679012,-0.027654321,0.027654321,-0.014024692,0.014024692,0.000345679,0.000345679,0.050345679,0.050345679,0.006345679,0.006345679,0.004345679,0.004345679,3,1,0,0,0,0,0,0,1.129302211,-1.025549742,2.799247743
28.218666667,0,-0.000666667,0.000666667,-0.060666667,0.060666667,0.061333333,0.061333333,0.011333333,0.011333333,-0.138666667,0.138666667,-0.002666667,0.002666667,-0.010666667,0.010666667,3,1,0,0,0,0,0,0,1.076745206,-1.229611540,2.824453562
28.215555555,0,-0.044222222,0.044222222,0.042444445,0.042444445,0.001777778,0.001777778,0.014444445,0.014444445,-0.035555555,0.035555555,0.000444445,0.000444445,-0.007555555,0.007555555,3,1,0,0,0,0,0,0,1.119215477,-1.300399647,2.823494726
28.229925926,0,0.041407407,0.041407407,-0.027481482,0.027481482,-0.013925926,0.013925926,0.000074074,0.000074074,-0.049925926,0.049925926,0.006074074,0.006074074,0.014074074,0.014074074,3,1,0,0,0,0,0,0,1.065476534,-1.294052653,2.823666897
28.618000000,0,0.000000000,0.000000000,-0.062000000,0.062000000,0.062000000,0.062000000,0.012000000,0.012000000,-0.138000000,0.138000000,-0.002000000,0.002000000,0.002000000,0.002000000,3,1,0,0,0,0,0,0,1.108692779,-1.261009465,2.819901409
28.614666667,0,-0.045333334,0.045333334,0.043333333,0.043333333,0.002000000,0.002000000,0.015333333,0.015333333,-0.034666667,0.034666667,0.001333333,0.001333333,0.005333333,0.005333333,3,1,0,0,0,0,0,0,1.198038589,-1.283075410,2.817175601
28.629259259,0,0.042074074,0.042074074,-0.027925926,0.027925926,-0.014148148,0.014148148,0.000740741,0.000740741,-0.049259259,0.049259259,0.006740741,0.006740741,-0.005259259,0.005259259,3,1,0,0,0,0,0,0,1.211440816,-1.219963427,2.813649200
29.017333333,0,0.000666667,0.000666667,-0.061333333,0.061333333,0.060666667,0.060666667,0.012666667,0.012666667,-0.137333333,0.137333333,-0.001333333,0.001333333,-0.015333333,0.015333333,3,1,0,0,0,0,0,0,1.177047101,-1.205766847,2.790145661
29.014000000,0,-0.044666667,0.044666667,0.042666667,0.042666667,0.002000000,0.002000000,0.016000000,0.016000000,-0.134000000,0.134000000,0.002000000,0.002000000,-0.012000000,0.012000000,3,1,0,0,0,0,0,0,1.260746208,-1.241769293,2.789548525
29.028296296,0,0.041259260,0.041259260,-0.027407407,0.027407407,-0.013851852,0.013851852,0.001703704,0.001703704,-0.048296296,0.048296296,0.005703704,0.005703704,0.007703704,0.007703704,3,1,0,0,0,0,0,0,1.269407749,-1.175236563,2.788197833
29.417777778,0,0.000222222,0.000222222,-0.060444445,0.060444445,0.060222222,0.060222222,0.012222222,0.012222222,-0.237777778,0.237777778,-0.001777778,0.001777778,0.002222222,0.002222222,3,1,0,0,0,0,0,0,1.116387150,-1.176160037,2.793085097
29.414740741,0,-0.043629630,0.043629630,0.041925926,0.041925926,0.001703703,0.001703703,0.015259259,0.015259259,-0.034740741,0.034740741,0.001259259,0.001259259,0.005259259,0.005259259,3,1,0,0,0,0,0,0,1.170003762,-1.248927498,2.791776178
29.428839506,0,0.040716050,0.040716050,-0.027061728,0.027061728,-0.013654321,0.013654321,0.001160494,0.001160494,-0.048839506,0.048839506,0.007160494,0.007160494,-0.006839506,0.006839506,3,1,0,0,0,0,0,0,1.182713540,-1.161669376,2.790272110
29.817555556,0,0.000444444,0.000444444,-0.062888889,0.062888889,0.062444444,0.062444444,0.012444444,0.012444444,-0.137555556,0.137555556,-0.003555556,0.003555556,-0.003555556,0.003555556,3,1,0,0,0,0,0,0,1.072205837,-1.171472190,2.771336469
29.813925926,0,-0.046370370,0.046370370,0.044074074,0.044074074,0.002296296,0.002296296,0.016074074,0.016074074,-0.033925926,0.033925926,0.000074074,0.000074074,0.000074074,0.000074074,3,1,0,0,0,0,0,0,1.134158239,-1.260752506,2.771595415
29.828716050,0,0.042617283,0.042617283,-0.028271605,0.028271605,-0.014345679,0.014345679,0.001283950,0.001283950,-0.048716050,0.048716050,0.007283950,0.007283950,-0.014716050,0.014716050,3,1,0,0,0,0,0,0,1.180000236,-1.233356144,2.770749130
30.217111111,0,-0.001111111,0.001111111,-0.059777778,0.059777778,0.060888889,0.060888889,0.012888889,0.012888889,-0.137111111,0.137111111,-0.003111111,0.003111111,0.012888889,0.012888889,3,1,0,0,0,0,0,0,1.089548837,-0.947316733,2.767871746
30.214074074,0,-0.043629630,0.043629630,0.041925926,0.041925926,0.001703704,0.001703704,0.015925926,0.015925926,-0.134074074,0.134074074,-0.000074074,0.000074074,0.015925926,0.015925926,3,1,0,0,0,0,0,0,1.118589998,-0.820043932,2.767159518
30.228320987,0,0.041012346,0.041012346,-0.027209876,0.027209876,-0.013802469,0.013802469,0.001679013,0.001679013,-0.048320987,0.048320987,0.005679013,0.005679013,0.001679013,0.001679013,3,1,0,0,0,0,0,0,1.144530329,-0.846206088,2.766704778
30.616444444,0,-0.000444444,0.000444444,-0.061111111,0.061111111,0.061555556,0.061555556,0.013555556,0.013555556,-0.136444444,0.136444444,-0.002444444,0.002444444,-0.010444444,0.010444444,3,1,0,0,0,0,0,0,0.956473834,-0.894880138,2.791666492
30.613185185,0,-0.044740741,0.044740741,0.042814815,0.042814815,0.001925926,0.001925926,0.016814815,0.016814815,-0.133185185,0.133185185,0.000814815,0.000814815,-0.007185185,0.007185185,3,1,0,0,0,0,0,0,0.927477642,-1.001052461,2.791723567
30.627654321,0,0.041679012,0.041679012,-0.027654321,0.027654321,-0.014024692,0.014024692,0.002345679,0.002345679,0.052345679,0.052345679,0.006345679,0.006345679,0.014345679,0.014345679,3,1,0,0,0,0,0,0,0.920453267,-0.944838010,2.791718327
31.015777778,0,-0.001777778,0.001777778,-0.060444445,0.060444445,0.062222222,0.062222222,0.014222222,0.014222222,-0.135777778,0.135777778,0.000222222,0.000222222,-0.003777778,0.003777778,3,1,0,0,0,0,0,0,0.782171875,-0.772125242,2.765878519
31.013185185,0,-0.044740741,0.044740741,0.042814815,0.042814815,0.001925926,0.001925926,0.016814815,0.016814815,-0.133185185,0.133185185,0.002814815,0.002814815,-0.001185185,0.001185185,3,1,0,0,0,0,0,0,0.794768426,-0.688891248,2.765950888
31.027728395,0,0.042271605,0.042271605,-0.027950617,0.027950617,-0.014320988,0.014320988,0.002271605,0.002271605,-0.047728395,0.047728395,0.008271605,0.008271605,-0.015728395,0.015728395,3,1,0,0,0,0,0,0,0.788324767,-0.714087273,2.765529892
31.416444444,0,-0.000444444,0.000444444,-0.061111111,0.061111111,0.061555556,0.061555556,0.013555556,0.013555556,-0.236444444,0.236444444,-0.002444444,0.002444444,-0.000444444,0.000444444,3,1,0,0,0,0,0,0,0.613509709,-0.668091962,2.744782004
31.412962963,0,-0.045185185,0.045185185,0.043037037,0.043037037,0.002148148,0.002148148,0.017037037,0.017037037,-0.132962963,0.132962963,0.001037037,0.001037037,0.001037037,0.001037037,3,1,0,0,0,0,0,0,0.582465539,-0.685940197,2.745658903
31.427506173,0,0.041827160,0.041827160,-0.027728395,0.027728395,-0.014098766,0.014098766,0.002493827,0.002493827,0.054493827,0.054493827,0.006493827,0.006493827,-0.009506173,0.009506173,3,1,0,0,0,0,0,0,0.597893416,-0.690436687,2.746163063
31.817333333,0,-0.001333333,0.001333333,-0.059333333,0.059333333,0.060666667,0.060666667,0.012666667,0.012666667,-0.137333333,0.137333333,-0.001333333,0.001333333,-0.001333333,0.001333333,3,1,0,0,0,0,0,0,0.541390107,-0.517619230,2.721311886
31.814888889,0,-0.043555556,0.043555556,0.041777778,0.041777778,0.001777778,0.001777778,0.015111111,0.015111111,-0.034888889,0.034888889,0.001111111,0.001111111,-0.000888889,0.000888889,3,1,0,0,0,0,0,0,0.581635885,-0.525997179,2.720100014
31.829037037,0,0.041185185,0.041185185,-0.027259259,0.027259259,-0.013925926,0.013925926,0.000962963,0.000962963,-0.049037037,0.049037037,0.004962963,0.004962963,-0.013037037,0.013037037,3,1,0,0,0,0,0,0,0.545505570,-0.504239204,2.720717590
32.216888889,0,-0.000888889,0.000888889,-0.060222222,0.060222222,0.061111111,0.061111111,0.013111111,0.013111111,-0.136888889,0.136888889,-0.004888889,0.004888889,-0.000888889,0.000888889,3,1,0,0,0,0,0,0,0.407194458,-0.478737899,2.727687264
32.214370370,0,-0.044148148,0.044148148,0.042296297,0.042296297,0.001851852,0.001851852,0.015629630,0.015629630,-0.034370370,0.034370370,-0.002370370,0.002370370,0.001629630,0.001629630,3,1,0,0,0,0,0,0,0.458270417,-0.472297319,2.728117849
32.228641975,0,0.041580247,0.041580247,-0.027530864,0.027530864,-0.014049382,0.014049382,0.001358025,0.001358025,-0.048641975,0.048641975,0.007358025,0.007358025,-0.012641975,0.012641975,4,1,0,0,0,0,0,0,0.430825507,-0.503975063,2.728488456
32.618444444,0,-0.000444444,0.000444444,-0.059111111,0.059111111,0.059555556,0.059555556,0.011555556,0.011555556,-0.138444444,0.138444444,-0.002444444,0.002444444,0.017555556,0.017555556,4,1,0,0,0,0,0,0,0.307687504,-0.347096904,2.772313685
32.616074074,0,-0.042962963,0.042962963,0.041259259,0.041259259,0.001703704,0.001703704,0.013925926,0.013925926,-0.036074074,0.036074074,-0.000074074,0.000074074,-0.018074074,0.018074074,4,1,0,0,0,0,0,0,0.285706397,-0.345745193,2.772250815
32.629950617,0,0.040493827,0.040493827,-0.026839506,0.026839506,-0.013654321,0.013654321,0.000049383,0.000049383,-0.049950617,0.049950617,0.006049383,0.006049383,0.006049383,0.006049383,4,1,0,0,0,0,0,0,0.279800655,-0.348349423,2.771175219
33.017555556,0,0.000444444,0.000444444,-0.060888889,0.060888889,0.060444444,0.060444444,0.012444444,0.012444444,-0.037555556,0.037555556,-0.001555556,0.001555556,-0.013555556,0.013555556,4,1,0,0,0,0,0,0,0.214417468,-0.210610714,2.775955732
33.014592593,0,-0.045037037,0.045037037,0.042740740,0.042740740,0.002296296,0.002296296,0.015407407,0.015407407,-0.034592593,0.034592593,0.001407407,0.001407407,-0.010592593,0.010592593,4,1,0,0,0,0,0,0,0.204031891,-0.237644897,2.776466992
33.028864198,0,0.041580246,0.041580246,-0.027530864,0.027530864,-0.014049383,0.014049383,0.001135802,0.001135802,-0.048864198,0.048864198,0.007135802,0.007135802,0.007135802,0.007135802,4,1,0,0,0,0,0,0,0.217072994,-0.244358331,2.777065993
33.416444444,0,-0.000444444,0.000444444,-0.061111111,0.061111111,0.061555556,0.061555556,0.013555556,0.013555556,-0.236444444,0.236444444,-0.002444444,0.002444444,-0.010444444,0.010444444,4,1,0,0,0,0,0,0,0.151746204,-0.046463926,2.776707202
33.413185185,0,-0.044740741,0.044740741,0.042814815,0.042814815,0.001925926,0.001925926,0.016814815,0.016814815,-0.233185185,0.233185185,0.000814815,0.000814815,-0.007185185,0.007185185,4,1,0,0,0,0,0,0,0.057856542,-0.085070836,2.779113008
33.427654321,0,0.041679012,0.041679012,-0.027654321,0.027654321,-0.014024692,0.014024692,0.002345679,0.002345679,-0.047654321,0.047654321,0.006345679,0.006345679,0.014345679,0.014345679,4,1,0,0,0,0,0,0,0.082674695,-0.096007135,2.781289617
33.817333333,0,-0.001333333,0.001333333,-0.059333333,0.059333333,0.060666667,0.060666667,0.012666667,0.012666667,-0.237333333,0.237333333,-0.003333333,0.003333333,0.008666667,0.008666667,4,1,0,0,0,0,0,0,0.103005821,0.117207764,2.786173823
33.814444444,0,-0.043111111,0.043111111,0.041555556,0.041555556,0.001555556,0.001555556,0.015555556,0.015555556,-0.134444444,0.134444444,-0.000444444,0.000444444,0.011555556,0.011555556,4,1,0,0,0,0,0,0,-0.007574677,0.053670307,2.787623829
33.828592592,0,0.040740741,0.040740741,-0.027037037,0.027037037,-0.013703703,0.013703703,0.001407408,0.001407408,-0.148592592,0.148592592,0.007407408,0.007407408,-0.000592592,0.000592592,4,1,0,0,0,0,0,0,0.039634083,0.115976157,2.789421122
34.214888889,0,0.001111111,0.001111111,-0.058222222,0.058222222,0.057111111,0.057111111,0.015111111,0.015111111,-0.128888889,0.128888889,-0.000888889,0.000888889,0.007111111,0.007111111,4,1,0,0,0,0,0,0,-0.004988224,0.205099226,2.816509554
34.212814815,0,-0.042592593,0.042592593,0.040518518,0.040518518,0.002074074,0.002074074,0.017185185,0.017185185,0.071185185,0.071185185,0.001185185,0.001185185,0.009185185,0.009185185,4,1,0,0,0,0,0,0,-0.070206361,0.204335338,2.819118046
34.226197531,0,0.039580247,0.039580247,-0.026197531,0.026197531,-0.013382716,0.013382716,0.003802469,0.003802469,0.057802469,0.057802469,0.007802469,0.007802469,-0.002197531,0.002197531,4,1,0,0,0,0,0,0,-0.117321504,0.191936885,2.823085998
34.618666667,0,-0.000666667,0.000666667,-0.060666667,0.060666667,0.061333333,0.061333333,0.011333333,0.011333333,-0.232666667,0.232666667,-0.004666667,0.004666667,0.001333333,0.001333333,4,1,0,0,0,0,0,0,0.046133759,0.439273187,2.813435636
34.615111111,0,-0.043777778,0.043777778,0.042222222,0.042222222,0.001555556,0.001555556,0.014888889,0.014888889,-0.031111111,0.031111111,-0.001111111,0.001111111,0.004888889,0.004888889,4,1,0,0,0,0,0,0,-0.049570441,0.428447735,2.814752101
34.629777778,0,0.040666666,0.040666666,-0.027555556,0.027555556,-0.013111111,0.013111111,0.000222222,0.000222222,-0.045777778,0.045777778,0.004222222,0.004222222,-0.007777778,0.007777778,4,1,0,0,0,0,0,0,-0.055831208,0.415427749,2.815151424
35.018666667,0,-0.000666667,0.000666667,-0.060666667,0.060666667,0.061333333,0.061333333,0.011333333,0.011333333,-0.134666667,0.134666667,-0.002666667,0.002666667,-0.000666667,0.000666667,4,1,0,0,0,0,0,0,0.045832363,0.697676785,2.801500767
35.015555555,0,-0.044222222,0.044222222,0.042444445,0.042444445,0.001777778,0.001777778,0.014444445,0.014444445,-0.031555555,0.031555555,0.000444445,0.000444445,0.002444445,0.002444445,4,1,0,0,0,0,0,0,-0.017306632,0.681885589,2.805755454
35.029925926,0,0.041407407,0.041407407,-0.027481482,0.027481482,-0.013925926,0.013925926,0.000074074,0.000074074,-0.045925926,0.045925926,0.006074074,0.006074074,-0.009925926,0.009925926,4,1,0,0,0,0,0,0,0.010783450,0.691816020,2.811588459
35.416444444,0,-0.000444444,0.000444444,-0.059111111,0.059111111,0.059555556,0.059555556,0.013555556,0.013555556,-0.132444444,0.132444444,-0.000444444,0.000444444,-0.008444444,0.008444444,4,1,0,0,0,0,0,0,0.002618735,0.953554294,2.814298960
35.414074074,0,-0.042962963,0.042962963,0.041259259,0.041259259,0.001703704,0.001703704,0.015925926,0.015925926,-0.030074074,0.030074074,0.001925926,0.001925926,-0.006074074,0.006074074,4,1,0,0,0,0,0,0,-0.042267181,0.940479679,2.815999017
35.427950617,0,0.040493827,0.040493827,-0.026839506,0.026839506,-0.013654321,0.013654321,0.002049383,0.002049383,-0.043950617,0.043950617,0.008049383,0.008049383,0.016049383,0.016049383,4,1,0,0,0,0,0,0,-0.054791916,0.945001108,2.817317372
35.817111111,0,0.000888889,0.000888889,-0.061777778,0.061777778,0.060888889,0.060888889,0.012888889,0.012888889,-0.131111111,0.131111111,-0.001111111,0.001111111,0.010888889,0.010888889,4,1,0,0,0,0,0,0,-0.061619631,1.244923402,2.842564502
35.813629630,0,-0.045185186,0.045185186,0.043037037,0.043037037,0.002148148,0.002148148,0.016370370,0.016370370,-0.127629630,0.127629630,0.002370370,0.002370370,0.014370370,0.014370370,4,1,0,0,0,0,0,0,-0.067170977,1.219097554,2.844954732
35.828024691,0,0.041530865,0.041530865,-0.027580247,0.027580247,-0.013950617,0.013950617,0.001975309,0.001975309,0.055975309,0.055975309,0.005975309,0.005975309,-0.000024691,0.000024691,4,1,0,0,0,0,0,0,-0.084544035,1.254918393,2.847629110
36.216888889,0,-0.000888889,0.000888889,-0.060222222,0.060222222,0.061111111,0.061111111,0.013111111,0.013111111,-0.332888889,0.332888889,-0.002888889,0.002888889,-0.006888889,0.006888889,4,1,0,0,0,0,0,0,-0.062086630,1.474932972,2.847123943
36.213703704,0,-0.044148148,0.044148148,0.042296296,0.042296296,0.001851852,0.001851852,0.016296296,0.016296296,-0.229703704,0.229703704,0.000296296,0.000296296,-0.003703704,0.003703704,4,1,0,0,0,0,0,0,-0.094610914,1.444201560,2.848977820
36.228049383,0,0.041283950,0.041283950,-0.027382716,0.027382716,-0.013901235,0.013901235,0.001950617,0.001950617,0.055950617,0.055950617,0.007950617,0.007950617,-0.018049383,0.018049383,4,1,0,0,0,0,0,0,-0.132457702,1.452737610,2.852802618
36.618000000,0,0.000000000,0.000000000,-0.062000000,0.062000000,0.062000000,0.062000000,0.012000000,0.012000000,-0.234000000,0.234000000,-0.004000000,0.004000000,0.008000000,0.008000000,4,1,0,0,0,0,0,0,-0.057320752,1.647515606,2.845011780
36.610222222,0,-0.040888889,0.040888889,0.041111111,0.041111111,-0.000222222,0.000222222,0.019777778,0.019777778,-0.226222222,0.226222222,0.003777778,0.003777778,0.015777778,0.015777778,4,1,0,0,0,0,0,0,-0.103002071,1.607947445,2.843933134
36.624814815,0,0.037629629,0.037629629,-0.025703704,0.025703704,-0.011925926,0.011925926,0.005185185,0.005185185,-0.038814815,0.038814815,-0.010814815,0.010814815,0.001185185,0.001185185,4,1,0,0,0,0,0,0,-0.116387610,1.590317567,2.843017007
37.019777778,0,-0.001777778,0.001777778,-0.056444445,0.056444445,0.058222222,0.058222222,0.010222222,0.010222222,-0.229777778,0.229777778,-0.003777778,0.003777778,0.000222222,0.000222222,4,1,0,0,0,0,0,0,-0.039779360,1.880371314,2.818721586
37.017851852,0,-0.039407408,0.039407408,0.038814815,0.038814815,0.000592592,0.000592592,0.012148148,0.012148148,-0.127851852,0.127851852,-0.001851852,0.001851852,0.002148148,0.002148148,4,1,0,0,0,0,0,0,-0.079617807,1.946661296,2.819195908
37.031135802,0,0.038419754,0.038419754,-0.025580247,0.025580247,-0.012839506,0.012839506,-0.001135802,0.001135802,0.058864198,0.058864198,0.004864198,0.004864198,-0.009135802,0.009135802,4,1,0,0,0,0,0,0,-0.055584486,1.913213828,2.818752010
37.417555556,0,-0.001555556,0.001555556,-0.060888889,0.060888889,0.062444444,0.062444444,0.012444444,0.012444444,-0.127555556,0.127555556,-0.003555556,0.003555556,-0.003555556,0.003555556,4,1,0,0,0,0,0,0,-0.044151047,2.212995876,2.825416080
37.414370370,0,-0.044814814,0.044814814,0.042962963,0.042962963,0.001851852,0.001851852,0.015629630,0.015629630,-0.024370370,0.024370370,-0.000370370,0.000370370,-0.000370370,0.000370370,4,1,0,0,0,0,0,0,-0.138808258,2.191181260,2.829717417
37.429012346,0,0.042098765,0.042098765,-0.027901235,0.027901235,-0.014197531,0.014197531,0.000987654,0.000987654,-0.039012346,0.039012346,0.004987654,0.004987654,-0.015012346,0.015012346,4,1,0,0,0,0,0,0,-0.066460644,2.225039848,2.830778474
37.818666667,0,-0.000666667,0.000666667,-0.060666667,0.060666667,0.061333333,0.061333333,0.011333333,0.011333333,-0.228666667,0.228666667,-0.002666667,0.002666667,0.001333333,0.001333333,4,1,0,0,0,0,0,0,-0.051569742,2.470411662,2.837286861
37.815555555,0,-0.044222222,0.044222222,0.042444445,0.042444445,0.001777778,0.001777778,0.014444445,0.014444445,-0.025555555,0.025555555,0.000444445,0.000444445,0.004444445,0.004444445,4,1,0,0,0,0,0,0,-0.080094344,2.465062398,2.837762564
37.829925926,0,0.041407407,0.041407407,-0.027481482,0.027481482,-0.013925926,0.013925926,0.000074074,0.000074074,-0.039925926,0.039925926,0.006074074,0.006074074,-0.007925926,0.007925926,4,1,0,0,0,0,0,0,-0.083607380,2.488995230,2.838138613
38.217555556,0,-0.001555556,0.001555556,-0.060888889,0.060888889,0.062444444,0.062444444,0.012444444,0.012444444,-0.227555556,0.227555556,-0.003555556,0.003555556,-0.013555556,0.013555556,4,1,0,0,0,0,0,0,-0.133370319,2.685542166,2.827848650
38.214370370,0,-0.044814814,0.044814814,0.042962963,0.042962963,0.001851852,0.001851852,0.015629630,0.015629630,-0.224370370,0.224370370,-0.000370370,0.000370370,-0.010370370,0.010370370,4,1,0,0,0,0,0,0,-0.115932362,2.676790713,2.826879794
38.229012346,0,0.042098765,0.042098765,-0.027901235,0.027901235,-0.014197531,0.014197531,0.000987654,0.000987654,-0.039012346,0.039012346,0.006987654,0.006987654,0.006987654,0.006987654,4,1,0,0,0,0,0,0,-0.168399660,2.706416934,2.828132136
38.617333333,0,-0.001333333,0.001333333,-0.059333333,0.059333333,0.060666667,0.060666667,0.012666667,0.012666667,-0.127333333,0.127333333,-0.003333333,0.003333333,0.010666667,0.010666667,4,1,0,0,0,0,0,0,-0.176449728,2.851102028,2.813258050
38.614444444,0,-0.043111111,0.043111111,0.041555556,0.041555556,0.001555556,0.001555556,0.015555556,0.015555556,-0.024444444,0.024444444,-0.000444444,0.000444444,0.013555556,0.013555556,4,1,0,0,0,0,0,0,-0.221865670,2.807387882,2.813997415
38.628592592,0,0.040740741,0.040740741,-0.027037037,0.027037037,-0.013703703,0.013703703,0.001407408,0.001407408,-0.038592592,0.038592592,0.005407408,0.005407408,-0.000592592,0.000592592,4,1,0,0,0,0,0,0,-0.206442526,2.794922377,2.812802688
39.017555556,0,-0.001555556,0.001555556,-0.060888889,0.060888889,0.062444444,0.062444444,0.012444444,0.012444444,-0.127555556,0.127555556,-0.001555556,0.001555556,0.000444444,0.000444444,4,1,0,0,0,0,0,0,-0.157767793,2.928172470,2.800923737
39.013925926,0,-0.044370370,0.044370370,0.042740741,0.042740741,0.001629630,0.001629630,0.016074074,0.016074074,-0.023925926,0.023925926,0.002074074,0.002074074,0.002074074,0.002074074,4,1,0,0,0,0,0,0,-0.179629677,2.893176477,2.799484341
39.028567901,0,0.041654321,0.041654321,-0.027679012,0.027679012,-0.013975308,0.013975308,0.001432099,0.001432099,-0.038567901,0.038567901,0.007432099,0.007432099,-0.010567901,0.010567901,4,1,0,0,0,0,0,0,-0.180483627,2.916546677,2.798990912
39.418444444,0,-0.000444444,0.000444444,-0.061111111,0.061111111,0.061555556,0.061555556,0.011555556,0.011555556,-0.128444444,0.128444444,-0.004444444,0.004444444,-0.002444444,0.002444444,4,1,0,0,0,0,0,0,-0.191915141,2.810934244,2.798796085
39.415185185,0,-0.044740741,0.044740741,0.042814815,0.042814815,0.001925926,0.001925926,0.014814815,0.014814815,-0.025185185,0.025185185,-0.001185185,0.001185185,0.000814815,0.000814815,4,1,0,0,0,0,0,0,-0.249714823,2.758627965,2.798261597
39.429654321,0,0.041679012,0.041679012,-0.027654321,0.027654321,-0.014024692,0.014024692,0.000345679,0.000345679,-0.039654321,0.039654321,0.006345679,0.006345679,-0.013654321,0.013654321,4,1,0,0,0,0,0,0,-0.214182661,2.794970126,2.798926702
39.816888889,0,-0.002888889,0.002888889,-0.060222222,0.060222222,0.063111111,0.063111111,0.013111111,0.013111111,-0.226888889,0.226888889,-0.002888889,0.002888889,-0.016888889,0.016888889,4,1,0,0,0,0,0,0,-0.160163597,2.635483418,2.790942119
39.813481482,0,-0.043925926,0.043925926,0.042518518,0.042518518,0.001407407,0.001407407,0.016518518,0.016518518,-0.123481482,0.123481482,0.000518518,0.000518518,-0.013481482,0.013481482,4,1,0,0,0,0,0,0,-0.163831519,2.615999917,2.792734264
39.828444445,0,0.041555555,0.041555555,-0.028000000,0.028000000,-0.013555556,0.013555556,0.001555555,0.001555555,-0.138444445,0.138444445,0.005555555,0.005555555,0.005555555,0.005555555,4,1,0,0,0,0,0,0,-0.146872143,2.602854927,2.793809498
40.216000000,0,0.000000000,0.000000000,-0.060000000,0.060000000,0.060000000,0.060000000,0.014000000,0.014000000,-0.326000000,0.326000000,0.000000000,0.000000000,0.004000000,0.004000000,4,1,0,0,0,0,0,0,-0.103768948,2.455387180,2.772191338
40.213333333,0,-0.044000000,0.044000000,0.042000000,0.042000000,0.002000000,0.002000000,0.016666667,0.016666667,-0.023333333,0.023333333,0.002666667,0.002666667,0.006666667,0.006666667,4,1,0,0,0,0,0,0,-0.127899601,2.403396834,2.769359793
40.227407407,0,0.041037037,0.041037037,-0.027185185,0.027185185,-0.013851852,0.013851852,0.002592593,0.002592593,-0.037407407,0.037407407,0.006592593,0.006592593,-0.005407407,0.005407407,4,1,0,0,0,0,0,0,-0.127365168,2.456386612,2.769652814
40.617777778,0,0.000222222,0.000222222,-0.060444445,0.060444445,0.060222222,0.060222222,0.012222222,0.012222222,-0.327777778,0.327777778,-0.001777778,0.001777778,-0.017777778,0.017777778,4,1,0,0,0,0,0,0,-0.065903087,2.204046620,2.750596566
40.614740741,0,-0.043629630,0.043629630,0.041925926,0.041925926,0.001703703,0.001703703,0.015259259,0.015259259,-0.124740741,0.124740741,0.001259259,0.001259259,-0.014740741,0.014740741,4,1,0,0,0,0,0,0,-0.051488733,2.187073671,2.747889244
40.628839506,0,0.040716050,0.040716050,-0.027061728,0.027061728,-0.013654321,0.013654321,0.001160494,0.001160494,0.061160494,0.061160494,0.005160494,0.005160494,0.007160494,0.007160494,4,1,0,0,0,0,0,0,-0.050775653,2.239227344,2.747808956
41.017777778,0,-0.001777778,0.001777778,-0.060444445,0.060444445,0.062222222,0.062222222,0.012222222,0.012222222,-0.227777778,0.227777778,-0.003777778,0.003777778,-0.013777778,0.013777778,4,1,0,0,0,0,0,0,-0.025943686,1.940256822,2.748975915
41.014740740,0,-0.044296296,0.044296296,0.042592593,0.042592593,0.001703704,0.001703704,0.015259260,0.015259260,-0.224740740,0.224740740,-0.000740740,0.000740740,-0.010740740,0.010740740,4,1,0,0,0,0,0,0,-0.078593908,1.906062416,2.748476171
41.029283950,0,0.041827161,0.041827161,-0.027728395,0.027728395,-0.014098765,0.014098765,0.000716050,0.000716050,-0.239283950,0.239283950,0.004716050,0.004716050,0.008716050,0.008716050,4,1,0,0,0,0,0,0,-0.048997825,1.944732724,2.748356307
41.418000000,0,0.000000000,0.000000000,-0.060000000,0.060000000,0.060000000,0.060000000,0.012000000,0.012000000,-0.128000000,0.128000000,-0.002000000,0.002000000,0.010000000,0.010000000,4,1,0,0,0,0,0,0,-0.062033367,1.645016067,2.759079997
41.414888889,0,-0.043555556,0.043555556,0.041777778,0.041777778,0.001777778,0.001777778,0.015111111,0.015111111,-0.024888889,0.024888889,0.001111111,0.001111111,0.013111111,0.013111111,4,1,0,0,0,0,0,0,-0.083632499,1.589795364,2.758044635
41.428962963,0,0.040592593,0.040592593,-0.026962963,0.026962963,-0.013629630,0.013629630,0.001037037,0.001037037,-0.038962963,0.038962963,0.007037037,0.007037037,-0.000962963,0.000962963,4,1,0,0,0,0,0,0,-0.056479729,1.621282896,2.760123855
41.818000000,0,-0.002000000,0.002000000,-0.060000000,0.060000000,0.062000000,0.062000000,0.012000000,0.012000000,-0.224000000,0.224000000,-0.004000000,0.004000000,-0.012000000,0.012000000,4,1,0,0,0,0,0,0,-0.047511432,1.347811900,2.786263912
41.815111111,0,-0.043777778,0.043777778,0.042222222,0.042222222,0.001555556,0.001555556,0.014888889,0.014888889,-0.021111111,0.021111111,-0.001111111,0.001111111,-0.009111111,0.009111111,4,1,0,0,0,0,0,0,-0.052897944,1.360529385,2.788078202
41.829555555,0,0.041555556,0.041555556,-0.027555555,0.027555555,-0.014000000,0.014000000,0.000444445,0.000444445,-0.035555555,0.035555555,0.004444445,0.004444445,0.012444445,0.012444445,4,1,0,0,0,0,0,0,-0.025611886,1.422148723,2.793824509
42.217777778,0,-0.001777778,0.001777778,-0.060444445,0.060444445,0.062222222,0.062222222,0.012222222,0.012222222,-0.223777778,0.223777778,-0.001777778,0.001777778,-0.005777778,0.005777778,4,1,0,0,0,0,0,0,-0.043652584,1.122691659,2.831597866
42.214962963,0,-0.043851852,0.043851852,0.042370370,0.042370370,0.001481481,0.001481481,0.015037037,0.015037037,-0.120962963,0.120962963,0.001037037,0.001037037,-0.002962963,0.002962963,4,1,0,0,0,0,0,0,-0.068459694,1.038589629,2.831019751
42.229432099,0,0.041679012,0.041679012,-0.027654321,0.027654321,-0.014024692,0.014024692,0.000567901,0.000567901,0.064567901,0.064567901,0.006567901,0.006567901,-0.017432099,0.017432099,4,1,0,0,0,0,0,0,-0.047262019,1.058314896,2.832579704
42.615111111,0,-0.001111111,0.001111111,-0.057777778,0.057777778,0.058888889,0.058888889,0.014888889,0.014888889,-0.121111111,0.121111111,-0.001111111,0.001111111,0.018888889,0.018888889,4,1,0,0,0,0,0,0,-0.045681469,0.770502901,2.838965413
42.613407407,0,-0.042296296,0.042296296,0.040592593,0.040592593,0.001703704,0.001703704,0.016592593,0.016592593,-0.119407407,0.119407407,0.000592593,0.000592593,0.020592593,0.020592593,4,1,0,0,0,0,0,0,-0.071118443,0.751779076,2.838161482
42.627061728,0,0.040271605,0.040271605,-0.026617284,0.026617284,-0.013654321,0.013654321,0.002938272,0.002938272,-0.033061728,0.033061728,0.006938272,0.006938272,0.006938272,0.006938272,5,1,0,0,0,0,0,0,-0.037505709,0.743127382,2.837760528
43.018444444,0,-0.000444444,0.000444444,-0.061111111,0.061111111,0.061555556,0.061555556,0.011555556,0.011555556,-0.224444444,0.224444444,-0.004444444,0.004444444,-0.012444444,0.012444444,5,1,0,0,0,0,0,0,0.021655508,0.613508001,2.809553435
43.015185185,0,-0.044740741,0.044740741,0.042814815,0.042814815,0.001925926,0.001925926,0.014814815,0.014814815,-0.121185185,0.121185185,-0.001185185,0.001185185,-0.009185185,0.009185185,5,1,0,0,0,0,0,0,-0.010416698,0.553736808,2.810030124
43.029654321,0,0.041679012,0.041679012,-0.027654321,0.027654321,-0.014024692,0.014024692,0.000345679,0.000345679,0.064345679,0.064345679,0.006345679,0.006345679,0.010345679,0.010345679,5,1,0,0,0,0,0,0,-0.028879521,0.562153377,2.810823699
43.416000000,0,0.000000000,0.000000000,-0.058000000,0.058000000,0.058000000,0.058000000,0.014000000,0.014000000,-0.222000000,0.222000000,-0.002000000,0.002000000,-0.002000000,0.002000000,5,1,0,0,0,0,0,0,-0.002201052,0.411333095,2.817235192
43.414000000,0,-0.042666667,0.042666667,0.040666667,0.040666667,0.002000000,0.002000000,0.016000000,0.016000000,-0.020000000,0.020000000,0.000000000,0.000000000,0.000000000,0.000000000,5,1,0,0,0,0,0,0,0.004480471,0.476634668,2.817742762
43.427555556,0,0.040000000,0.040000000,-0.026444445,0.026444445,-0.013555556,0.013555556,0.002444444,0.002444444,-0.033555556,0.033555556,0.008444444,0.008444444,-0.013555556,0.013555556,5,1,0,0,0,0,0,0,-0.030115059,0.492538994,2.816570376
43.817111111,0,-0.001111111,0.001111111,-0.059777778,0.059777778,0.060888889,0.060888889,0.012888889,0.012888889,-0.323111111,0.323111111,-0.003111111,0.003111111,0.010888889,0.010888889,5,1,0,0,0,0,0,0,-0.118015406,0.509663365,2.792107185
43.814740741,0,-0.043629630,0.043629630,0.041925926,0.041925926,0.001703703,0.001703703,0.015259259,0.015259259,-0.120740741,0.120740741,-0.000740741,0.000740741,0.013259259,0.013259259,5,1,0,0,0,0,0,0,-0.157110918,0.454771391,2.790103369
43.828913580,0,0.041308642,0.041308642,-0.027358025,0.027358025,-0.013950617,0.013950617,0.001086420,0.001086420,0.065086420,0.065086420,0.007086420,0.007086420,-0.000913580,0.000913580,5,1,0,0,0,0,0,0,-0.156769087,0.499836363,2.786650946
44.217777778,0,-0.001777778,0.001777778,-0.060444445,0.060444445,0.062222222,0.062222222,0.012222222,0.012222222,-0.323777778,0.323777778,-0.003777778,0.003777778,-0.005777778,0.005777778,5,1,0,0,0,0,0,0,-0.188565385,0.704189637,2.801147672
44.214962963,0,-0.043851852,0.043851852,0.042370370,0.042370370,0.001481481,0.001481481,0.015037037,0.015037037,-0.220962963,0.220962963,-0.000962963,0.000962963,-0.002962963,0.002962963,5,1,0,0,0,0,0,0,-0.163290005,0.659956214,2.803325876
44.229432099,0,0.041679012,0.041679012,-0.027654321,0.027654321,-0.014024692,0.014024692,0.000567901,0.000567901,-0.235432099,0.235432099,0.004567901,0.004567901,-0.017432099,0.017432099,5,1,0,0,0,0,0,0,-0.172632320,0.748007379,2.808433989
44.617111111,0,0.000888889,0.000888889,-0.059777778,0.059777778,0.058888889,0.058888889,0.012888889,0.012888889,-0.323111111,0.323111111,-0.003111111,0.003111111,0.008888889,0.008888889,5,1,0,0,0,0,0,0,-0.154382114,0.875448589,2.808889616
44.614296296,0,-0.043851852,0.043851852,0.041703704,0.041703704,0.002148148,0.002148148,0.015703704,0.015703704,-0.320296296,0.320296296,-0.000296296,0.000296296,0.011703704,0.011703704,5,1,0,0,0,0,0,0,-0.156761189,0.824594541,2.807642453
44.628172839,0,0.040493828,0.040493828,-0.026839506,0.026839506,-0.013654321,0.013654321,0.001827161,0.001827161,-0.134172839,0.134172839,0.005827161,0.005827161,-0.000172839,0.000172839,5,1,0,0,0,0,0,0,-0.142574937,0.877095840,2.808296245
45.018444444,0,-0.000444444,0.000444444,-0.061111111,0.061111111,0.061555556,0.061555556,0.011555556,0.011555556,-0.524444444,0.524444444,-0.004444444,0.004444444,-0.014444444,0.014444444,5,0,0,0,0,0,0,0,-0.252648864,1.113437640,2.805148490
45.015407407,0,-0.044296296,0.044296296,0.042592593,0.042592593,0.001703704,0.001703704,0.014592593,0.014592593,-0.221407407,0.221407407,-0.001407407,0.001407407,-0.011407407,0.011407407,5,1,0,0,0,0,0,0,-0.244432725,1.090648417,2.801856408
45.029802469,0,0.041530864,0.041530864,-0.027580247,0.027580247,-0.013950617,0.013950617,0.000197531,0.000197531,-0.235802469,0.235802469,0.006197531,0.006197531,0.012197531,0.012197531,5,1,0,0,0,0,0,0,-0.264553937,1.124110198,2.797978836
45.418666667,0,-0.000666667,0.000666667,-0.060666667,0.060666667,0.061333333,0.061333333,0.011333333,0.011333333,-0.322666667,0.322666667,-0.002666667,0.002666667,-0.000666667,0.000666667,5,1,0,0,0,0,0,0,-0.357877255,1.283967859,2.777840224
45.415555555,0,-0.044222222,0.044222222,0.042444445,0.042444445,0.001777778,0.001777778,0.014444445,0.014444445,-0.319555555,0.319555555,0.000444445,0.000444445,0.002444445,0.002444445,5,1,0,0,0,0,0,0,-0.306711323,1.245108125,2.773614907
45.429925926,0,0.041407407,0.041407407,-0.027481482,0.027481482,-0.013925926,0.013925926,0.000074074,0.000074074,-0.131925926,0.131925926,0.006074074,0.006074074,-0.009925926,0.009925926,5,1,0,0,0,0,0,0,-0.336063094,1.260285265,2.766050542
45.818444444,0,-0.000444444,0.000444444,-0.061111111,0.061111111,0.061555556,0.061555556,0.011555556,0.011555556,-0.222444444,0.222444444,-0.002444444,0.002444444,0.015555556,0.015555556,5,1,0,0,0,0,0,0,-0.328787383,1.499386332,2.738673821
45.815407407,0,-0.044296296,0.044296296,0.042592593,0.042592593,0.001703704,0.001703704,0.014592593,0.014592593,-0.219407407,0.219407407,0.000592593,0.000592593,-0.015407407,0.015407407,5,1,0,0,0,0,0,0,-0.315916478,1.467275161,2.745684938
45.829802469,0,0.041530864,0.041530864,-0.027580247,0.027580247,-0.013950617,0.013950617,0.000197531,0.000197531,-0.233802469,0.233802469,0.006197531,0.006197531,0.004197531,0.004197531,5,1,0,0,0,0,0,0,-0.302329539,1.509569578,2.752293995
46.218666667,0,-0.000666667,0.000666667,-0.060666667,0.060666667,0.061333333,0.061333333,0.011333333,0.011333333,-0.322666667,0.322666667,-0.002666667,0.002666667,-0.008666667,0.008666667,5,1,0,0,0,0,0,0,-0.337427795,1.708475475,2.730738196
46.215111111,0,-0.043777778,0.043777778,0.042222222,0.042222222,0.001555556,0.001555556,0.014888889,0.014888889,-0.319111111,0.319111111,0.000888889,0.000888889,-0.005111111,0.005111111,5,1,0,0,0,0,0,0,-0.371779105,1.683539037,2.709924461
46.229481481,0,0.040962963,0.040962963,-0.027259259,0.027259259,-0.013703703,0.013703703,0.000518519,0.000518519,-0.133481481,0.133481481,0.006518519,0.006518519,0.016518519,0.016518519,5,1,0,0,0,0,0,0,-0.520767351,1.799239972,2.662151553
46.617555556,0,-0.001555556,0.001555556,-0.060888889,0.060888889,0.062444444,0.062444444,0.014444444,0.014444444,-0.221555556,0.221555556,-0.001555556,0.001555556,0.004444444,0.004444444,5,1,0,0,0,0,0,0,-0.364953668,1.831499279,2.642230992
46.614592592,0,-0.044370370,0.044370370,0.042740741,0.042740741,0.001629630,0.001629630,0.017407408,0.017407408,-0.218592592,0.218592592,0.001407408,0.001407408,0.007407408,0.007407408,5,1,0,0,0,0,0,0,-0.442342921,1.795183388,2.625746906
46.629160494,0,0.041950617,0.041950617,-0.027827161,0.027827161,-0.014123457,0.014123457,0.002839506,0.002839506,-0.233160494,0.233160494,0.004839506,0.004839506,-0.005160494,0.005160494,5,1,0,0,0,0,0,0,-0.394927695,1.843037976,2.622643685
47.016000000,0,0.000000000,0.000000000,-0.062000000,0.062000000,0.062000000,0.062000000,0.014000000,0.014000000,-0.420000000,0.420000000,-0.002000000,0.002000000,-0.018000000,0.018000000,5,1,0,0,0,0,0,0,-0.319581949,1.958403006,2.632178440
47.012888889,0,-0.044888889,0.044888889,0.043111111,0.043111111,0.001777778,0.001777778,0.017111111,0.017111111,-0.416888889,0.416888889,0.001111111,0.001111111,-0.014888889,0.014888889,5,1,0,0,0,0,0,0,-0.309505407,1.870672151,2.607262428
47.027407407,0,0.041925926,0.041925926,-0.027851851,0.027851851,-0.014074074,0.014074074,0.002592593,0.002592593,-0.431407407,0.431407407,0.004592593,0.004592593,0.008592593,0.008592593,5,1,0,0,0,0,0,0,-0.333391004,2.019945946,2.597209260
47.415333333,0,-0.001333333,0.001333333,-0.059333333,0.059333333,0.060666667,0.060666667,0.014666667,0.014666667,-0.819333333,0.819333333,-0.007333333,0.007333333,-0.019333333,0.019333333,5,0,0,0,0,0,0,0,-0.294722918,2.068665783,2.579107362
47.412666667,0,-0.044000000,0.044000000,0.042000000,0.042000000,0.002000000,0.002000000,0.017333333,0.017333333,-0.816666667,0.816666667,-0.004666667,0.004666667,-0.016666667,0.016666667,5,0,0,0,0,0,0,0,-0.241615974,2.086789181,2.578043456
47.426888889,0,0.041333333,0.041333333,-0.027333333,0.027333333,-0.014000000,0.014000000,0.003111111,0.003111111,-0.330888889,0.330888889,0.007111111,0.007111111,0.017111111,0.017111111,5,1,0,0,0,0,0,0,-0.343805995,2.153711914,2.577292487
47.817777778,0,0.000222222,0.000222222,-0.062444445,0.062444445,0.062222222,0.062222222,0.012222222,0.012222222,-0.721777778,0.721777778,-0.001777778,0.001777778,-0.015777778,0.015777778,5,0,0,0,0,0,0,0,-0.192496876,2.193764844,2.586437717
47.814074074,0,-0.044962963,0.044962963,0.043259259,0.043259259,0.001703704,0.001703704,0.015925926,0.015925926,-0.218074074,0.218074074,0.001925926,0.001925926,-0.012074074,0.012074074,5,1,0,0,0,0,0,0,-0.128117431,2.250870440,2.584917350
47.828691358,0,0.041753086,0.041753086,-0.027802469,0.027802469,-0.013950617,0.013950617,0.001308642,0.001308642,-0.232691358,0.232691358,0.007308642,0.007308642,0.009308642,0.009308642,5,1,0,0,0,0,0,0,-0.141888808,2.289166065,2.585467947
48.217777778,0,0.000222222,0.000222222,-0.060444445,0.060444445,0.060222222,0.060222222,0.012222222,0.012222222,-0.321777778,0.321777778,-0.001777778,0.001777778,-0.001777778,0.001777778,5,1,0,0,0,0,0,0,-0.092006872,2.388533048,2.569908736
48.214962963,0,-0.044518519,0.044518519,0.042370370,0.042370370,0.002148148,0.002148148,0.015037037,0.015037037,-0.118962963,0.118962963,0.001037037,0.001037037,-0.000962963,0.000962963,5,1,0,0,0,0,0,0,-0.139878136,2.430424857,2.568083060
48.229135802,0,0.041308642,0.041308642,-0.027358024,0.027358024,-0.013950617,0.013950617,0.000864198,0.000864198,0.066864198,0.066864198,0.008864198,0.008864198,-0.013135802,0.013135802,5,1,0,0,0,0,0,0,-0.071110105,2.466030311,2.560042034
48.618195672,0,-0.000195672,0.000195672,-0.061608656,0.061608656,0.061804328,0.061804328,0.011804328,0.011804328,-0.222195672,0.222195672,-0.006445976,0.006445976,0.011804328,0.011804328,5,1,0,0,0,0,0,0,-0.183863936,2.438513465,2.606159892
48.613826053,0,-0.044376698,0.044376698,0.042757179,0.042757179,0.001619518,0.001619518,0.016173947,0.016173947,-0.117826053,0.117826053,-0.002076357,0.002076357,0.016173947,0.016173947,5,1,0,0,0,0,0,0,-0.173889084,2.613389092,2.599172304
48.628405754,0,0.041038555,0.041038555,-0.027375555,0.027375555,-0.013663001,0.013663001,0.001594246,0.001594246,0.067594246,0.067594246,0.003343942,0.003343942,0.001594246,0.001594246,5,1,0,0,0,0,0,0,-0.198516694,2.692519797,2.597522565
49.017527972,0,0.000472028,0.000472028,-0.060944057,0.060944057,0.060472028,0.060472028,0.012472028,0.012472028,-0.121527972,0.121527972,-0.005781507,0.005781507,-0.015527972,0.015527972,5,1,0,0,0,0,0,0,-0.161085400,2.605736734,2.627453340
49.013601389,0,-0.044156169,0.044156169,0.042314099,0.042314099,0.001842071,0.001842071,0.016398611,0.016398611,-0.017601389,0.017601389,-0.001854924,0.001854924,-0.011601389,0.011601389,5,1,0,0,0,0,0,0,-0.167255728,2.741201328,2.627060288
49.027885254,0,0.040668730,0.040668730,-0.027079703,0.027079703,-0.013589027,0.013589027,0.002114746,0.002114746,-0.031885254,0.031885254,0.003861211,0.003861211,0.010114746,0.010114746,5,1,0,0,0,0,0,0,-0.153830259,2.744307315,2.627785362
49.417446104,0,0.000553896,0.000553896,-0.062924834,0.062924834,0.062370939,0.062370939,0.012553896,0.012553896,-0.221446104,0.221446104,0.002291420,0.002291420,-0.003446104,0.003446104,5,1,0,0,0,0,0,0,-0.177321138,2.512995540,2.623404205
49.412877605,0,-0.045515911,0.045515911,0.043640584,0.043640584,0.001875326,0.001875326,0.017122395,0.017122395,-0.016877605,0.016877605,-0.001140081,0.001140081,-0.000877605,0.000877605,5,1,0,0,0,0,0,0,-0.231419314,2.663402054,2.627565860
49.427662163,0,0.041695422,0.041695422,-0.027808587,0.027808587,-0.013886834,0.013886834,0.002337837,0.002337837,-0.031662163,0.031662163,0.004075361,0.004075361,-0.013662163,0.013662163,5,1,0,0,0,0,0,0,-0.232997782,2.709234034,2.623661304
49.814529559,0,-0.000585298,0.000585298,-0.060698185,0.060698185,0.061283483,0.061283483,0.015470441,0.015470441,-0.118529559,0.118529559,-0.002794688,0.002794688,0.009470441,0.009470441,5,1,0,0,0,0,0,0,-0.207260802,2.421852739,2.623213974
49.811375454,0,-0.044249986,0.044249986,0.042455271,0.042455271,0.001794715,0.001794715,0.018624546,0.018624546,-0.015375454,0.015375454,0.000359417,0.000359417,0.012624546,0.012624546,5,1,0,0,0,0,0,0,-0.240491758,2.529754804,2.607857261
49.825743287,0,0.041382926,0.041382926,-0.027468222,0.027468222,-0.013914703,0.013914703,0.004256713,0.004256713,-0.029743287,0.029743287,0.005991584,0.005991584,0.000256713,0.000256713,5,1,0,0,0,0,0,0,-0.231892254,2.539043207,2.603730374
50.216309518,0,0.001645572,0.001645572,-0.061145313,0.061145313,0.059499741,0.059499741,0.013690482,0.013690482,-0.220309518,0.220309518,-0.004589015,0.004589015,-0.010309518,0.010309518,5,1,0,0,0,0,0,0,-0.198408740,2.345282361,2.642051358
50.213003067,0,-0.044102081,0.044102081,0.042158550,0.042158550,0.001943532,0.001943532,0.016996933,0.016996933,-0.117003067,0.117003067,-0.001282564,0.001282564,-0.007003067,0.007003067,5,1,0,0,0,0,0,0,-0.236351568,2.470716310,2.634115721
50.227024512,0,0.040539281,0.040539281,-0.026972144,0.026972144,-0.013567138,0.013567138,0.002975488,0.002975488,0.068975488,0.068975488,0.004695991,0.004695991,0.014975488,0.014975488,5,1,0,0,0,0,0,0,-0.231135896,2.475465394,2.634506595
50.616306598,0,0.001641557,0.001641557,-0.061146650,0.061146650,0.059505094,0.059505094,0.013693402,0.013693402,-0.120306598,0.120306598,-0.004594180,0.004594180,0.003693402,0.003693402,5,1,0,0,0,0,0,0,-0.228339810,2.175478424,2.640422308
50.612553968,0,-0.044989660,0.044989660,0.042603454,0.042603454,0.002386206,0.002386206,0.017446032,0.017446032,-0.016553968,0.016553968,-0.000841550,0.000841550,0.007446032,0.007446032,5,1,0,0,0,0,0,0,-0.204859100,2.220657097,2.637738901
50.626724549,0,0.040835962,0.040835962,-0.027120856,0.027120856,-0.013715106,0.013715106,0.003275451,0.003275451,-0.030724549,0.030724549,0.004987869,0.004987869,-0.004724549,0.004724549,5,1,0,0,0,0,0,0,-0.255878058,2.267034715,2.631846853
51.016299242,0,0.001633212,0.001633212,-0.061148308,0.061148308,0.059515095,0.059515095,0.013700758,0.013700758,-0.120299242,0.120299242,-0.004594628,0.004594628,-0.012299242,0.012299242,5,1,0,0,0,0,0,0,-0.188377788,1.974727148,2.636198157
51.012989559,0,-0.044100683,0.044100683,0.042160909,0.042160909,0.001939775,0.001939775,0.017010441,0.017010441,-0.116989559,0.116989559,-0.001284945,0.001284945,-0.008989559,0.008989559,5,1,0,0,0,0,0,0,-0.168291211,1.977608984,2.633279438
51.027013940,0,0.040542533,0.040542533,-0.026974789,0.026974789,-0.013567745,0.013567745,0.002986060,0.002986060,-0.031013940,0.031013940,0.004690674,0.004690674,0.002986060,0.002986060,5,1,0,0,0,0,0,0,-0.195398745,1.909125870,2.631975126
51.414514668,0,-0.000585683,0.000585683,-0.060704840,0.060704840,0.061290524,0.061290524,0.015485332,0.015485332,-0.218514668,0.218514668,-0.002817580,0.002817580,-0.002514668,0.002514668,5,1,0,0,0,0,0,0,-0.218915819,1.819003490,2.612166699
51.411352877,0,-0.044249967,0.044249967,0.042457545,0.042457545,0.001792423,0.001792423,0.018647123,0.018647123,-0.215352877,0.215352877,0.000344211,0.000344211,0.000647123,0.000647123,5,1,0,0,0,0,0,0,-0.253515921,1.826329960,2.612589890
51.425722620,0,0.041381614,0.041381614,-0.027468327,0.027468327,-0.013913287,0.013913287,0.004277380,0.004277380,-0.029722620,0.029722620,0.005974468,0.005974468,-0.013722620,0.013722620,5,1,0,0,0,0,0,0,-0.310869624,1.860670442,2.609386227
51.814956544,0,-0.001033796,0.001033796,-0.059817916,0.059817916,0.060851712,0.060851712,0.015043456,0.015043456,-0.218956544,0.218956544,-0.003266704,0.003266704,0.005043456,0.005043456,5,1,0,0,0,0,0,0,-0.232136874,1.659839657,2.597856442
51.812089476,0,-0.043211734,0.043211734,0.041717472,0.041717472,0.001494263,0.001494263,0.017910524,0.017910524,-0.116089476,0.116089476,-0.000399636,0.000399636,0.007910524,0.007910524,5,1,0,0,0,0,0,0,-0.278470814,1.645658271,2.591243536
51.826262700,0,0.040838981,0.040838981,-0.027123358,0.027123358,-0.013715622,0.013715622,0.003737300,0.003737300,-0.130262700,0.130262700,0.005427140,0.005427140,-0.004262700,0.004262700,5,1,0,0,0,0,0,0,-0.318728287,1.724226442,2.575639088
52.216289866,0,-0.002355127,0.002355127,-0.061154535,0.061154535,0.063509661,0.063509661,0.013710134,0.013710134,-0.120289866,0.120289866,-0.000613000,0.000613000,0.013710134,0.013710134,5,1,0,0,0,0,0,0,-0.204364125,1.513509411,2.542916211
52.212530241,0,-0.043658873,0.043658873,0.042606803,0.042606803,0.001052071,0.001052071,0.017469759,0.017469759,-0.116530241,0.116530241,0.003146625,0.003146625,0.017469759,0.017469759,5,1,0,0,0,0,0,0,-0.175954139,1.479995402,2.536205706
52.227295029,0,0.041576117,0.041576117,-0.027713847,0.027713847,-0.013862270,0.013862270,0.002704971,0.002704971,-0.031295029,0.031295029,0.000381837,0.000381837,0.002704971,0.002704971,5,1,0,0,0,0,0,0,-0.193725045,1.495745813,2.542620930
52.616287409,0,-0.002370453,0.002370453,-0.061151139,0.061151139,0.063521593,0.063521593,0.013712591,0.013712591,-0.220287409,0.220287409,-0.004605244,0.004605244,-0.012287409,0.012287409,5,1,0,0,0,0,0,0,-0.265632735,1.280868575,2.533163064
52.612529690,0,-0.043655124,0.043655124,0.042606351,0.042606351,0.001048774,0.001048774,0.017470310,0.017470310,-0.116529690,0.116529690,-0.000847525,0.000847525,-0.008529690,0.008529690,5,1,0,0,0,0,0,0,-0.198791375,1.252259599,2.536272692
52.627296185,0,0.041579551,0.041579551,-0.027716039,0.027716039,-0.013863513,0.013863513,0.002703815,0.002703815,0.068703815,0.068703815,0.004385980,0.004385980,0.012703815,0.012703815,6,1,0,0,0,0,0,0,-0.210918231,1.244000938,2.544169196
53.014509060,0,-0.000597664,0.000597664,-0.060705953,0.060705953,0.061303618,0.061303618,0.015490940,0.015490940,-0.218509060,0.218509060,-0.002827327,0.002827327,0.001490940,0.001490940,6,1,0,0,0,0,0,0,-0.237125288,1.151989186,2.553756496
53.011345301,0,-0.044243413,0.044243413,0.042456635,0.042456635,0.001786778,0.001786778,0.018654699,0.018654699,-0.015345301,0.015345301,0.000336432,0.000336432,0.004654699,0.004654699,6,1,0,0,0,0,0,0,-0.163955932,1.131077360,2.554061400
53.025716918,0,0.041381864,0.041381864,-0.027469242,0.027469242,-0.013912623,0.013912623,0.004283082,0.004283082,-0.029716918,0.029716918,0.005964815,0.005964815,-0.007716918,0.007716918,6,1,0,0,0,0,0,0,-0.197469478,1.106922780,2.558389072
53.414950151,0,-0.001041091,0.001041091,-0.059819310,0.059819310,0.060860401,0.060860401,0.015049849,0.015049849,-0.218950151,0.218950151,-0.003274584,0.003274584,0.015049849,0.015049849,6,1,0,0,0,0,0,0,-0.193851026,0.923027921,2.503581573
53.412080404,0,-0.043209407,0.043209407,0.041717989,0.041717989,0.001491419,0.001491419,0.017919596,0.017919596,-0.016080404,0.016080404,-0.000404837,0.000404837,0.017919596,0.017919596,6,1,0,0,0,0,0,0,-0.112669048,0.951216879,2.504405686
53.426255225,0,0.040839612,0.040839612,-0.027124235,0.027124235,-0.013715378,0.013715378,0.003744775,0.003744775,-0.030255225,0.030255225,-0.002579658,0.002579658,0.003744775,0.003744775,6,1,0,0,0,0,0,0,-0.152312072,0.960796971,2.487623065
53.818056455,0,-0.004152512,0.004152512,-0.061593654,0.061593654,0.065746167,0.065746167,0.011943545,0.011943545,-0.222056455,0.222056455,-0.006386791,0.006386791,-0.004056455,0.004056455,6,1,0,0,0,0,0,0,-0.106177077,0.664365593,2.393897862
53.813706182,0,-0.043058514,0.043058514,0.042752561,0.042752561,0.000305954,0.000305954,0.016293818,0.016293818,-0.017706182,0.017706182,-0.002036518,0.002036518,0.000293818,0.000293818,6,1,0,0,0,0,0,0,-0.075629706,0.644674404,2.393937991
53.828867795,0,0.041775881,0.041775881,-0.027962375,0.027962375,-0.013813506,0.013813506,0.001132205,0.001132205,-0.032867795,0.032867795,0.006801869,0.006801869,-0.014867795,0.014867795,6,1,0,0,0,0,0,0,-0.085162331,0.695024943,2.392877883
54.218050862,0,-0.000151817,0.000151817,-0.061598209,0.061598209,0.061750025,0.061750025,0.011949138,0.011949138,-0.122050862,0.122050862,-0.002398839,0.002398839,0.013949138,0.013949138,6,1,0,0,0,0,0,0,-0.117137368,0.396733815,2.267463201
54.214141005,0,-0.043503217,0.043503217,0.042309647,0.042309647,0.001193569,0.001193569,0.015858995,0.015858995,-0.118141005,0.118141005,0.001511018,0.001511018,0.017858995,0.017858995,6,1,0,0,0,0,0,0,-0.088728521,0.307396558,2.264056883
54.228562899,0,0.040738288,0.040738288,-0.027221824,0.027221824,-0.013516465,0.013516465,0.001437101,0.001437101,-0.032562899,0.032562899,0.007089124,0.007089124,0.003437101,0.003437101,6,1,0,0,0,0,0,0,-0.140751144,0.337697734,2.259623415
54.618055693,0,-0.000161330,0.000161330,-0.061602964,0.061602964,0.061764294,0.061764294,0.011944307,0.011944307,-0.222055693,0.222055693,-0.002409051,0.002409051,-0.014055693,0.014055693,6,1,0,0,0,0,0,0,-0.009623464,0.171603010,2.121833771
54.614589613,0,-0.045285478,0.045285478,0.043203949,0.043203949,0.002081530,0.002081530,0.015410387,0.015410387,-0.118589613,0.118589613,0.001057029,0.001057029,-0.010589613,0.010589613,6,1,0,0,0,0,0,0,0.008613119,0.161306037,2.121395715
54.629162694,0,0.041930601,0.041930601,-0.027819037,0.027819037,-0.014111564,0.014111564,0.000837306,0.000837306,0.066837306,0.066837306,0.006483948,0.006483948,0.006837306,0.006837306,6,1,0,0,0,0,0,0,-0.028555101,0.147178919,2.114109497
55.015832505,0,-0.001942610,0.001942610,-0.062040565,0.062040565,0.063983174,0.063983174,0.014167495,0.014167495,-0.219832505,0.219832505,-0.004163987,0.004163987,-0.019832505,0.019832505,6,1,0,0,0,0,0,0,0.011300726,0.119117704,1.967327664
55.011778637,0,-0.044685381,0.044685381,0.043346647,0.043346647,0.001338734,0.001338734,0.018221363,0.018221363,-0.115778637,0.115778637,-0.000110119,0.000110119,-0.015778637,0.015778637,6,1,0,0,0,0,0,0,-0.011465784,0.114552116,1.969112525
55.026745046,0,0.042125367,0.042125367,-0.028064002,0.028064002,-0.014061364,0.014061364,0.003254954,0.003254954,0.069254954,0.069254954,0.008923472,0.008923472,0.009254954,0.009254954,6,1,0,0,0,0,0,0,-0.028476539,0.130312137,1.965340329
55.416274638,0,-0.002376997,0.002376997,-0.061150921,0.061150921,0.063527918,0.063527918,0.013725362,0.013725362,-0.120274638,0.120274638,-0.004610992,0.004610992,0.003725362,0.003725362,6,1,0,0,0,0,0,0,0.013088426,0.078478911,1.780448109
55.412516186,0,-0.043651792,0.043651792,0.042605702,0.042605702,0.001046089,0.001046089,0.017483814,0.017483814,-0.116516186,0.116516186,-0.000852540,0.000852540,0.007483814,0.007483814,6,1,0,0,0,0,0,0,-0.084068227,0.062453324,1.785703913
55.427283571,0,0.041579733,0.041579733,-0.027716469,0.027716469,-0.013863264,0.013863264,0.002716429,0.002716429,-0.031283571,0.031283571,0.008380075,0.008380075,-0.003283571,0.003283571,6,1,0,0,0,0,0,0,-0.089670653,0.075436214,1.783856973
55.816719676,0,-0.002823081,0.002823081,-0.060264860,0.060264860,0.063087942,0.063087942,0.013280324,0.013280324,-0.220719676,0.220719676,-0.001060652,0.001060652,-0.000719676,0.000719676,6,1,0,0,0,0,0,0,0.037284303,0.076664839,1.637454827
55.814144013,0,-0.043504454,0.043504454,0.042311027,0.042311027,0.001193426,0.001193426,0.015855987,0.015855987,-0.218144013,0.218144013,0.001515011,0.001515011,0.001855987,0.001855987,6,1,0,0,0,0,0,0,-0.048366315,0.051035261,1.642686823
55.828714946,0,0.041926242,0.041926242,-0.027816055,0.027816055,-0.014110188,0.014110188,0.001285054,0.001285054,-0.032714946,0.032714946,0.006944078,0.006944078,-0.010714946,0.010714946,6,1,0,0,0,0,0,0,-0.058507245,0.046858366,1.638938405
56.217162915,0,-0.003279160,0.003279160,-0.059370788,0.059370788,0.062649948,0.062649948,0.012837085,0.012837085,-0.221162915,0.221162915,-0.001490266,0.001490266,0.016837085,0.016837085,6,1,0,0,0,0,0,0,0.102942881,0.130861632,1.467611868
56.213554500,0,-0.042460896,0.042460896,0.041567237,0.041567237,0.000893658,0.000893658,0.016445500,0.016445500,-0.117554500,0.117554500,0.002118149,0.002118149,-0.015554500,0.015554500,6,1,0,0,0,0,0,0,-0.054698926,0.099886405,1.467131989
56.228076236,0,0.040791495,0.040791495,-0.027174677,0.027174677,-0.013616817,0.013616817,0.001923764,0.001923764,-0.032076236,0.032076236,0.003596413,0.003596413,0.005923764,0.005923764,6,1,0,0,0,0,0,0,-0.079324357,0.063082377,1.468050741
56.615815907,0,-0.001959785,0.001959785,-0.062036593,0.062036593,0.063996379,0.063996379,0.014184093,0.014184093,-0.213815907,0.213815907,-0.004159390,0.004159390,0.002184093,0.002184093,6,1,0,0,0,0,0,0,0.069423869,0.192690753,1.323473608
56.612651126,0,-0.045567378,0.045567378,0.043789184,0.043789184,0.001778193,0.001778193,0.017348874,0.017348874,-0.110651126,0.110651126,-0.000994609,0.000994609,0.005348874,0.005348874,6,1,0,0,0,0,0,0,-0.117992577,0.180426174,1.327664078
56.627619340,0,0.043015699,0.043015699,-0.028509682,0.028509682,-0.014506018,0.014506018,0.002380660,0.002380660,-0.125619340,0.125619340,0.004037177,0.004037177,-0.007619340,0.007619340,6,1,0,0,0,0,0,0,-0.087366085,0.183745116,1.317127068
57.018037320,0,-0.000178624,0.000178624,-0.061595943,0.061595943,0.061774566,0.061774566,0.011962680,0.011962680,-0.316037320,0.316037320,-0.006384693,0.006384693,-0.004037320,0.004037320,6,1,0,0,0,0,0,0,0.096723249,0.253009699,1.117127068
57.013689001,0,-0.044386010,0.044386010,0.042754757,0.042754757,0.001631254,0.001631254,0.016310999,0.016310999,-0.111689001,0.111689001,-0.002036374,0.002036374,0.000310999,0.000310999,6,1,0,0,0,0,0,0,-0.020003282,0.282073246,1.120519249
57.028262330,0,0.041043115,0.041043115,-0.027375475,0.027375475,-0.013667640,0.013667640,0.001737670,0.001737670,0.073737670,0.073737670,0.003390297,0.003390297,-0.014262330,0.014262330,6,1,0,0,0,0,0,0,-0.028650366,0.282153025,1.120155579
57.415373372,0,-0.001511898,0.001511898,-0.058932393,0.058932393,0.060444290,0.060444290,0.014626628,0.014626628,-0.213373372,0.213373372,0.000269605,0.000269605,-0.015373372,0.015373372,6,1,0,0,0,0,0,0,-0.012270751,0.225434977,0.936488215
57.413686272,0,-0.043051386,0.043051386,0.041421807,0.041421807,0.001629579,0.001629579,0.016313728,0.016313728,-0.011686272,0.011686272,0.001956705,0.001956705,-0.013686272,0.013686272,6,1,0,0,0,0,0,0,-0.194226382,0.191807584,0.939185596
57.427667921,0,0.041189026,0.041189026,-0.027226551,0.027226551,-0.013962475,0.013962475,0.002332079,0.002332079,-0.025667921,0.025667921,-0.000024944,0.000024944,0.010332079,0.010332079,6,1,0,0,0,0,0,0,-0.208472661,0.150953037,0.914459878
57.816700283,0,-0.002859829,0.002859829,-0.060263496,0.060263496,0.063123326,0.063123326,0.013299717,0.013299717,-0.114700283,0.114700283,-0.001054719,0.001054719,-0.000700283,0.000700283,6,1,0,0,0,0,0,0,-0.038993794,0.273496427,0.765955546
57.812794640,0,-0.043493654,0.043493654,0.042311297,0.042311297,0.001182356,0.001182356,0.017205360,0.017205360,-0.010794640,0.010794640,0.002850924,0.002850924,0.001205360,0.001205360,6,1,0,0,0,0,0,0,-0.093017263,0.331125847,0.772360319
57.827518752,0,0.041342346,0.041342346,-0.027525997,0.027525997,-0.013816350,0.013816350,0.002481248,0.002481248,-0.025518752,0.025518752,0.008126812,0.008126812,-0.011518752,0.011518752,6,1,0,0,0,0,0,0,-0.111618107,0.363166765,0.775368835
58.216688720,0,-0.002872084,0.002872084,-0.060256924,0.060256924,0.063129007,0.063129007,0.013311280,0.013311280,-0.114688720,0.114688720,-0.001037334,0.001037334,0.009311280,0.009311280,6,1,0,0,0,0,0,0,0.043810302,0.271572272,0.605442037
58.214120212,0,-0.043485591,0.043485591,0.042307118,0.042307118,0.001178474,0.001178474,0.015879788,0.015879788,-0.012120212,0.012120212,0.001531174,0.001531174,0.011879788,0.011879788,6,1,0,0,0,0,0,0,-0.108631207,0.250158522,0.608860197
58.228696154,0,0.041934741,0.041934741,-0.027822145,0.027822145,-0.014112597,0.014112597,0.001303846,0.001303846,-0.026696154,0.026696154,0.002955232,0.002955232,0.001303846,0.001303846,6,1,0,0,0,0,0,0,-0.134120920,0.223153980,0.606895469
58.574721243,0,0.043080778,0.043080778,-0.018308236,0.018308236,-0.024772542,0.024772542,0.015278757,0.015278757,-0.172721243,0.172721243,0.000900196,0.000900196,-0.004721243,0.004721243,6,1,0,0,0,0,0,0,-0.046423124,0.269387788,0.432931796
58.599230178,0,-0.029950054,0.029950054,0.013897642,0.013897642,0.016052411,0.016052411,-0.009230178,0.009230178,-0.097230178,0.097230178,-0.003608739,0.003608739,0.006769822,0.006769822,6,1,0,0,0,0,0,0,-0.126396319,0.250689625,0.425873718
58.692600319,0,-0.081030566,0.081030566,-0.106172334,0.106172334,0.187202899,0.187202899,0.017399681,0.017399681,-0.190600319,0.190600319,-0.000967580,0.000967580,-0.002600319,0.002600319,6,1,0,0,0,0,0,0,-0.101517194,0.212517056,0.371335735
58.862155082,0,0.051642111,0.051642111,-0.165287366,0.165287366,0.113645254,0.113645254,0.007844918,0.007844918,-0.160155082,0.160155082,0.009476299,0.009476299,0.015844918,0.015844918,6,1,0,0,0,0,0,0,0.026318799,0.243070331,0.302660695
58.986107897,0,0.031685712,0.031685712,-0.125375281,0.125375281,0.093689568,0.093689568,0.003892103,0.003892103,-0.084107897,0.084107897,-0.002477816,0.002477816,0.003892103,0.003892103,6,1,0,0,0,0,0,0,0.044308439,0.214095106,0.229523987
58.914395637,0,-0.071351213,0.071351213,0.072186415,0.072186415,-0.000835201,0.000835201,-0.004395637,0.004395637,-0.012395637,0.012395637,-0.002764256,0.002764256,0.001604363,0.001604363,6,1,0,0,0,0,0,0,-0.045367642,0.199153393,0.281854504
59.155411643,0,-0.179233443,0.179233443,0.058841330,0.058841330,0.120392112,0.120392112,-0.005411643,0.005411643,-0.253411643,0.253411643,0.000220809,0.000220809,0.014588357,0.014588357,6,1,0,0,0,0,0,0,0.037943795,0.343532656,0.175435834
59.122178234,0,-0.084204465,0.084204465,0.052360697,0.052360697,0.031843769,0.031843769,-0.012178234,0.012178234,-0.120178234,0.120178234,-0.006548153,0.006548153,0.009821766,0.009821766,6,1,0,0,0,0,0,0,0.101785531,0.408806797,0.191766270
59.378239416,0,-0.137580242,0.137580242,0.040021573,0.040021573,0.097558669,0.097558669,0.011760584,0.011760584,-0.176239416,0.176239416,-0.002602179,0.002602179,-0.018239416,0.018239416,6,1,0,0,0,0,0,0,0.053339129,0.387905032,0.081231074
59.338483484,0,-0.095918606,0.095918606,0.057548819,0.057548819,0.038369787,0.038369787,0.011516516,0.011516516,-0.136483484,0.136483484,-0.006846247,0.006846247,-0.016483484,0.016483484,6,1,0,0,0,0,0,0,0.055132445,0.392986149,0.097833103
59.485393442,0,-0.037570096,0.037570096,-0.152840920,0.152840920,0.190411015,0.190411015,-0.015393442,0.015393442,-0.181393442,0.181393442,0.010246208,0.010246208,-0.013393442,0.013393442,6,1,0,0,0,0,0,0,0.063465784,0.358146640,0.025737033
59.697339879,0,0.020452993,0.020452993,-0.098914772,0.098914772,0.078461779,0.078461779,0.012660121,0.012660121,-0.393339879,0.393339879,-0.005692360,0.005692360,0.002660121,0.002660121,6,1,0,0,0,0,0,0,0.058840861,0.285616278,-0.055824977
59.636275164,0,0.012350530,0.012350530,0.023387493,0.023387493,-0.035738024,0.035738024,-0.006275164,0.006275164,-0.034275164,0.034275164,-0.004627645,0.004627645,-0.008275164,0.008275164,6,1,0,0,0,0,0,0,-0.064000887,0.236895988,-0.029962096
60.035957634,0,-0.018169176,0.018169176,-0.021678512,0.021678512,0.039847688,0.039847688,-0.005957634,0.005957634,-0.233957634,0.233957634,-0.004308707,0.004308707,0.000042366,0.000042366,6,1,0,0,0,0,0,0,0.047635225,0.355873411,-0.146417525
60.027409150,0,-0.037499103,0.037499103,0.029003918,0.029003918,0.008495185,0.008495185,0.002590850,0.002590850,-0.025409150,0.025409150,-0.003760223,0.003760223,0.006590850,0.006590850,7,1,0,0,0,0,0,0,-0.116627033,0.309507286,-0.149584382
60.039101842,0,0.030186096,0.030186096,-0.018511170,0.018511170,-0.011674926,0.011674926,-0.009101842,0.009101842,-0.037101842,0.037101842,-0.007452915,0.007452915,-0.003101842,0.003101842,7,1,0,0,0,0,0,0,-0.125329989,0.347954464,-0.137914936
60.416225722,0,-0.002426979,0.002426979,-0.061147647,0.061147647,0.063574627,0.063574627,0.013774278,0.013774278,-0.314225722,0.314225722,-0.004590726,0.004590726,-0.008225722,0.008225722,7,1,0,0,0,0,0,0,0.060529019,0.279227902,-0.306229438
60.412028350,0,-0.044522967,0.044522967,0.043048530,0.043048530,0.001474438,0.001474438,0.017971650,0.017971650,-0.110028350,0.110028350,-0.000393354,0.000393354,-0.004028350,0.004028350,7,1,0,0,0,0,0,0,-0.043368237,0.236132849,-0.304149684
60.426950073,0,0.041886186,0.041886186,-0.027872109,0.027872109,-0.014014078,0.014014078,0.003049927,0.003049927,-0.124950073,0.124950073,0.004681474,0.004681474,0.017049927,0.017049927,7,1,0,0,0,0,0,0,-0.092072964,0.235898828,-0.300659708
60.818009817,0,-0.000206596,0.000206596,-0.061591121,0.061591121,0.061797718,0.061797718,0.011990183,0.011990183,-0.316009817,0.316009817,-0.006364534,0.006364534,-0.000009817,0.000009817,7,1,0,0,0,0,0,0,0.104603015,0.234958199,-0.395511190
60.813666295,0,-0.044376894,0.044376894,0.042753253,0.042753253,0.001623640,0.001623640,0.016333705,0.016333705,-0.111666295,0.111666295,-0.002021012,0.002021012,0.004333705,0.004333705,7,1,0,0,0,0,0,0,-0.015966706,0.235573791,-0.391783908
60.828242543,0,0.041049114,0.041049114,-0.027379492,0.027379492,-0.013669621,0.013669621,0.001757457,0.001757457,0.075757457,0.075757457,0.003405346,0.003405346,-0.008242543,0.008242543,7,1,0,0,0,0,0,0,-0.037240369,0.207382735,-0.393522925
61.216674843,0,-0.002888258,0.002888258,-0.060254776,0.060254776,0.063143034,0.063143034,0.013325157,0.013325157,-0.114674843,0.114674843,-0.001034399,0.001034399,-0.016674843,0.016674843,7,1,0,0,0,0,0,0,0.143650942,0.275604955,-0.433159506
61.214109153,0,-0.043479027,0.043479027,0.042305816,0.042305816,0.001173212,0.001173212,0.015890847,0.015890847,-0.112109153,0.112109153,0.001531291,0.001531291,-0.014109153,0.014109153,7,1,0,0,0,0,0,0,0.025619902,0.266175537,-0.429910116
61.228686729,0,0.041937701,0.041937701,-0.027824284,0.027824284,-0.014113416,0.014113416,0.001313271,0.001313271,-0.026686729,0.026686729,0.006953715,0.006953715,0.011313271,0.011313271,7,1,0,0,0,0,0,0,-0.007820336,0.302181983,-0.433221661
61.616672869,0,-0.002899379,0.002899379,-0.060259126,0.060259126,0.063158504,0.063158504,0.013327131,0.013327131,-0.214672869,0.214672869,-0.005033658,0.005033658,-0.006672869,0.006672869,7,1,0,0,0,0,0,0,0.134296850,0.254668298,-0.441848689
61.613216527,0,-0.042590451,0.042590451,0.041864831,0.041864831,0.000725621,0.000725621,0.016783473,0.016783473,-0.211216527,0.211216527,-0.001577316,0.001577316,-0.003216527,0.003216527,7,1,0,0,0,0,0,0,-0.022878995,0.263652243,-0.438739203
61.627797038,0,0.041053609,0.041053609,-0.027383340,0.027383340,-0.013670270,0.013670270,0.002202962,0.002202962,-0.023797038,0.023797038,0.003842173,0.003842173,-0.017797038,0.017797038,7,1,0,0,0,0,0,0,-0.046329386,0.255922448,-0.436122545
62.017114846,0,0.000657737,0.000657737,-0.059375909,0.059375909,0.058718173,0.058718173,0.012885154,0.012885154,-0.213114846,0.213114846,-0.005500657,0.005500657,-0.007114846,0.007114846,7,1,0,0,0,0,0,0,0.153568942,0.268368137,-0.434201166
62.014836162,0,-0.043776177,0.043776177,0.041570435,0.041570435,0.002205741,0.002205741,0.015163838,0.015163838,-0.110836162,0.110836162,-0.003221973,0.003221973,-0.004836162,0.004836162,7,1,0,0,0,0,0,0,-0.020517758,0.255503903,-0.429282642
62.028627996,0,0.040656606,0.040656606,-0.026889085,0.026889085,-0.013767520,0.013767520,0.001372004,0.001372004,0.075372004,0.075372004,0.006986193,0.006986193,0.015372004,0.015372004,7,1,0,0,0,0,0,0,-0.093018412,0.233540350,-0.422155428
62.416674774,0,0.001100089,0.001100089,-0.060266128,0.060266128,0.059166038,0.059166038,0.013325226,0.013325226,-0.212674774,0.212674774,-0.001055396,0.001055396,-0.000674774,0.000674774,7,1,0,0,0,0,0,0,0.088245095,0.286387195,-0.414991735
62.413211166,0,-0.043923647,0.043923647,0.041867185,0.041867185,0.002056463,0.002056463,0.016788834,0.016788834,-0.209211166,0.209211166,0.002408212,0.002408212,0.002788834,0.002788834,7,1,0,0,0,0,0,0,-0.088741722,0.278037720,-0.409593199
62.427201012,0,0.040311835,0.040311835,-0.026791038,0.026791038,-0.013520797,0.013520797,0.002798988,0.002798988,-0.023201012,0.023201012,-0.007581634,0.007581634,-0.009201012,0.009201012,7,1,0,0,0,0,0,0,-0.071592429,0.281365695,-0.404230490
62.815776427,0,-0.002017098,0.002017098,-0.058043226,0.058043226,0.060060324,0.060060324,0.014223573,0.014223573,-0.211776427,0.211776427,-0.000163653,0.000163653,0.012223573,0.012223573,7,1,0,0,0,0,0,0,0.132083780,0.278207004,-0.410749763
62.813943391,0,-0.042884604,0.042884604,0.041126227,0.041126227,0.001758377,0.001758377,0.016056609,0.016056609,-0.109943391,0.109943391,0.001669383,0.001669383,0.014056609,0.014056609,7,1,0,0,0,0,0,0,-0.042126396,0.256108556,-0.406438283
62.827884551,0,0.040955163,0.040955163,-0.027038890,0.027038890,-0.013916274,0.013916274,0.002115449,0.002115449,0.076115449,0.076115449,0.003728223,0.003728223,0.000115449,0.000115449,7,1,0,0,0,0,0,0,-0.039166150,0.283929712,-0.398855462
63.216663360,0,-0.002916382,0.002916382,-0.060259091,0.060259091,0.063175473,0.063175473,0.013336640,0.013336640,-0.112663360,0.112663360,-0.005050983,0.005050983,0.001336640,0.001336640,7,1,0,0,0,0,0,0,0.117117190,0.194835419,-0.411038102
63.213202538,0,-0.042582196,0.042582196,0.041863525,0.041863525,0.000718670,0.000718670,0.016797462,0.016797462,-0.109202538,0.109202538,-0.001590161,0.001590161,-0.003202538,0.003202538,7,1,0,0,0,0,0,0,-0.073194484,0.133341787,-0.406839449
63.227785772,0,0.041053319,0.041053319,-0.027384135,0.027384135,-0.013669184,0.013669184,0.002214228,0.002214228,-0.023785772,0.023785772,0.003826605,0.003826605,-0.005785772,0.005785772,7,1,0,0,0,0,0,0,-0.104705244,0.090271108,-0.410662581
63.616659431,0,0.001081381,0.001081381,-0.060260585,0.060260585,0.059179204,0.059179204,0.013340569,0.013340569,-0.112659431,0.112659431,-0.001041248,0.001041248,-0.010659431,0.010659431,7,1,0,0,0,0,0,0,0.065568199,0.180079950,-0.406447134
63.614090998,0,-0.044805149,0.044805149,0.042309206,0.042309206,0.002495943,0.002495943,0.015909002,0.015909002,-0.110090998,0.110090998,0.001527185,0.001527185,-0.008090998,0.008090998,7,1,0,0,0,0,0,0,-0.092852870,0.172872516,-0.404802702
63.628081968,0,0.041204700,0.041204700,-0.027237894,0.027237894,-0.013966807,0.013966807,0.001918032,0.001918032,-0.024081968,0.024081968,0.007536215,0.007536215,0.011918032,0.011918032,7,1,0,0,0,0,0,0,-0.119557551,0.171487588,-0.407973711
64.016651222,0,-0.002928394,0.002928394,-0.060255417,0.060255417,0.063183811,0.063183811,0.013348778,0.013348778,-0.112651222,0.112651222,-0.001027033,0.001027033,-0.010651222,0.010651222,7,1,0,0,0,0,0,0,0.061093475,0.254732655,-0.416129377
64.014086261,0,-0.043467123,0.043467123,0.042306766,0.042306766,0.001160357,0.001160357,0.015913739,0.015913739,-0.010086261,0.010086261,0.001537928,0.001537928,-0.008086261,0.008086261,7,1,0,0,0,0,0,0,-0.128797775,0.274645561,-0.416447942
64.028669961,0,0.041946466,0.041946466,-0.027830968,0.027830968,-0.014115499,0.014115499,0.001330039,0.001330039,-0.024669961,0.024669961,0.002954228,0.002954228,0.009330039,0.009330039,7,1,0,0,0,0,0,0,-0.132349415,0.332845876,-0.417806941
64.415322039,0,-0.001599013,0.001599013,-0.058925517,0.058925517,0.060524531,0.060524531,0.014677961,0.014677961,-0.111322039,0.111322039,-0.003697647,0.003697647,0.000677961,0.000677961,7,1,0,0,0,0,0,0,0.064502389,0.344870058,-0.420187002
64.412311580,0,-0.043024870,0.043024870,0.041420777,0.041420777,0.001604094,0.001604094,0.017688420,0.017688420,-0.108311580,0.108311580,-0.000687188,0.000687188,0.001688420,0.001688420,7,1,0,0,0,0,0,0,-0.119406983,0.266273986,-0.412253935
64.426830872,0,0.040237928,0.040237928,-0.027322731,0.027322731,-0.012915198,0.012915198,0.003169128,0.003169128,-0.022830872,0.022830872,0.004793520,0.004793520,-0.010830872,0.010830872,7,1,0,0,0,0,0,0,-0.177772164,0.311978741,-0.415803687
